ClipdataID,ClipID,ElemID,value,ParentCID
2,1,25,,0
4,1,24,,0
12,1,29,,4
20,2,25,,0
22,2,24,,0
31,2,29,,22
39,3,25,,0
41,3,24,,0
47,3,29,,41
55,4,25,,0
57,4,24,,0
63,4,29,,57
71,5,25,,0
73,5,24,,0
79,5,29,,73
87,6,25,,0
89,6,24,,0
95,6,29,,89
103,7,25,,0
105,7,24,,0
111,7,29,,105
119,8,25,,0
121,8,24,,0
127,8,29,,121
135,9,25,,0
137,9,24,,0
143,9,29,,137
151,10,25,,0
153,10,24,,0
3999,1,57,"Fence Attack",12
4100,201,57,,3353
1,1,52,"00:10:21",0
159,10,29,,153
167,11,25,,0
169,11,24,,0
175,11,29,,169
183,12,25,,0
185,12,24,,0
191,12,29,,185
199,13,25,,0
201,13,24,,0
207,13,29,,201
215,14,25,,0
217,14,24,,0
223,14,29,,217
231,15,25,,0
233,15,24,,0
239,15,29,,233
247,16,25,,0
249,16,24,,0
255,16,29,,249
263,17,25,,0
265,17,24,,0
271,17,29,,265
279,18,25,,0
281,18,24,,0
287,18,29,,281
295,19,25,,0
297,19,24,,0
303,19,29,,297
5,1,34,"Night",2
311,20,25,,0
313,20,24,,0
319,20,29,,313
327,21,25,,0
329,21,24,,0
335,21,29,,329
343,22,25,,0
345,22,24,,0
351,22,29,,345
359,23,25,,0
361,23,24,,0
367,23,29,,361
375,24,25,,0
377,24,24,,0
383,24,29,,377
391,25,25,,0
393,25,24,,0
399,25,29,,393
407,26,25,,0
409,26,24,,0
415,26,29,,409
423,27,25,,0
425,27,24,,0
431,27,29,,425
439,28,25,,0
441,28,24,,0
447,28,29,,441
8,1,47,"No",2
455,29,25,,0
457,29,24,,0
463,29,29,,457
471,30,25,,0
473,30,24,,0
479,30,29,,473
487,31,25,,0
489,31,24,,0
495,31,29,,489
503,32,25,,0
505,32,24,,0
511,32,29,,505
519,33,25,,0
521,33,24,,0
527,33,29,,521
535,34,25,,0
537,34,24,,0
543,34,29,,537
551,35,25,,0
553,35,24,,0
559,35,29,,553
567,36,25,,0
569,36,24,,0
575,36,29,,569
583,37,25,,0
585,37,24,,0
591,37,29,,585
599,38,25,,0
601,38,24,,0
9,1,48,"No",2
607,38,29,,601
615,39,25,,0
617,39,24,,0
623,39,29,,617
631,40,25,,0
633,40,24,,0
639,40,29,,633
647,41,25,,0
649,41,24,,0
655,41,29,,649
663,42,25,,0
665,42,24,,0
671,42,29,,665
679,43,25,,0
681,43,24,,0
687,43,29,,681
695,44,25,,0
697,44,24,,0
703,44,29,,697
711,45,25,,0
713,45,24,,0
719,45,29,,713
727,46,25,,0
729,46,24,,0
735,46,29,,729
743,47,25,,0
745,47,24,,0
751,47,29,,745
10,1,49,"No",2
759,48,25,,0
761,48,24,,0
767,48,29,,761
775,49,25,,0
777,49,24,,0
783,49,29,,777
791,50,25,,0
793,50,24,,0
799,50,29,,793
807,51,25,,0
809,51,24,,0
815,51,29,,809
823,52,25,,0
825,52,24,,0
831,52,29,,825
839,53,25,,0
841,53,24,,0
847,53,29,,841
855,54,25,,0
857,54,24,,0
863,54,29,,857
871,55,25,,0
873,55,24,,0
879,55,29,,873
887,56,25,,0
889,56,24,,0
895,56,29,,889
903,57,25,,0
905,57,24,,0
911,57,29,,905
919,58,25,,0
921,58,24,,0
927,58,29,,921
935,59,25,,0
937,59,24,,0
943,59,29,,937
951,60,25,,0
953,60,24,,0
959,60,29,,953
968,61,25,,0
970,61,24,,0
976,61,29,,970
984,62,25,,0
986,62,24,,0
992,62,29,,986
1000,63,25,,0
1002,63,24,,0
1009,63,29,,1002
1017,64,25,,0
1019,64,24,,0
1026,64,29,,1019
1034,65,25,,0
1036,65,24,,0
1043,65,29,,1036
1051,66,25,,0
3,1,43,"1",0
1053,66,24,,0
1060,66,29,,1053
1068,67,25,,0
1070,67,24,,0
1077,67,29,,1070
1085,68,25,,0
1087,68,24,,0
1094,68,29,,1087
1102,69,25,,0
1104,69,24,,0
1111,69,29,,1104
1119,70,25,,0
1121,70,24,,0
1128,70,29,,1121
1136,71,25,,0
1138,71,24,,0
1145,71,29,,1138
1153,72,25,,0
1155,72,24,,0
1161,72,29,,1155
1169,73,25,,0
1171,73,24,,0
1177,73,29,,1171
1185,74,25,,0
1187,74,24,,0
1193,74,29,,1187
1201,75,25,,0
13,1,30,"00:08:50",12
1203,75,24,,0
1209,75,29,,1203
1217,76,25,,0
1219,76,24,,0
1225,76,29,,1219
1233,77,25,,0
1235,77,24,,0
1241,77,29,,1235
1249,78,25,,0
1251,78,24,,0
1257,78,29,,1251
1265,79,25,,0
1267,79,24,,0
1273,79,29,,1267
1281,80,25,,0
1283,80,24,,0
1289,80,29,,1283
1297,81,25,,0
1299,81,24,,0
1305,81,29,,1299
1313,82,25,,0
1315,82,24,,0
1321,82,29,,1315
1329,83,25,,0
1331,83,24,,0
1339,83,29,,1331
1347,84,25,,0
1349,84,24,,0
14,1,31,"15",12
1356,84,29,,1349
1364,85,25,,0
1366,85,24,,0
1373,85,29,,1366
1381,86,25,,0
1383,86,24,,0
1390,86,29,,1383
1398,87,25,,0
1400,87,24,,0
1407,87,29,,1400
1415,88,25,,0
1417,88,24,,0
1424,88,29,,1417
1432,89,25,,0
1434,89,24,,0
1441,89,29,,1434
1449,90,25,,0
1451,90,24,,0
1458,90,29,,1451
1466,91,25,,0
1468,91,24,,0
1475,91,29,,1468
1483,92,25,,0
1485,92,24,,0
1492,92,29,,1485
1500,93,25,,0
1502,93,24,,0
15,1,32,"Walk",12
1509,93,29,,1502
1517,94,25,,0
1519,94,24,,0
1526,94,29,,1519
1534,95,25,,0
1536,95,24,,0
1543,95,29,,1536
1551,96,25,,0
1553,96,24,,0
1560,96,29,,1553
1568,97,25,,0
1570,97,24,,0
1577,97,29,,1570
1585,98,25,,0
1587,98,24,,0
1594,98,29,,1587
1602,99,25,,0
1604,99,24,,0
1611,99,29,,1604
1619,100,25,,0
1621,100,24,,0
1628,100,29,,1621
1636,101,25,,0
1638,101,24,,0
1645,101,29,,1638
17,1,45,"One person",12
1653,102,25,,0
1655,102,24,,0
1662,102,29,,1655
1670,103,25,,0
1672,103,24,,0
1679,103,29,,1672
1687,104,25,,0
1689,104,24,,0
1696,104,29,,1689
1704,105,25,,0
1706,105,24,,0
1713,105,29,,1706
1721,106,25,,0
1723,106,24,,0
1730,106,29,,1723
1738,107,25,,0
1740,107,24,,0
1747,107,29,,1740
1755,108,25,,0
1757,108,24,,0
1764,108,29,,1757
1772,109,25,,0
1774,109,24,,0
1781,109,29,,1774
1789,110,25,,0
1791,110,24,,0
1798,110,29,,1791
18,1,51,"Perpendicular",12
1806,111,25,,0
1808,111,24,,0
1815,111,29,,1808
1823,112,25,,0
1825,112,24,,0
1832,112,29,,1825
1840,113,25,,0
1842,113,24,,0
1849,113,29,,1842
1857,114,25,,0
1859,114,24,,0
1866,114,29,,1859
1874,115,25,,0
1876,115,24,,0
1883,115,29,,1876
1891,116,25,,0
1893,116,24,,0
1900,116,29,,1893
1908,117,25,,0
1910,117,24,,0
1917,117,29,,1910
1925,118,25,,0
1927,118,24,,0
1934,118,29,,1927
1942,119,25,,0
1944,119,24,,0
16,1,44,"00:00:59",12
1951,119,29,,1944
1959,120,25,,0
1961,120,24,,0
1968,120,29,,1961
1976,121,25,,0
1978,121,24,,0
1985,121,29,,1978
1993,122,25,,0
1995,122,24,,0
2002,122,29,,1995
2010,123,25,,0
2012,123,24,,0
2019,123,29,,2012
2027,124,25,,0
2029,124,24,,0
2036,124,29,,2029
2044,125,25,,0
2046,125,24,,0
2053,125,29,,2046
2061,126,25,,0
2063,126,24,,0
2070,126,29,,2063
2078,127,25,,0
2080,127,24,,0
2087,127,29,,2080
2095,128,25,,0
2097,128,24,,0
23,2,34,"Night",20
2104,128,29,,2097
2112,129,25,,0
2114,129,24,,0
2121,129,29,,2114
2129,130,25,,0
2131,130,24,,0
2138,130,29,,2131
2146,131,25,,0
2148,131,24,,0
2155,131,29,,2148
2163,132,25,,0
2165,132,24,,0
2172,132,29,,2165
2180,133,25,,0
2182,133,24,,0
2189,133,29,,2182
2197,134,25,,0
2199,134,24,,0
2206,134,29,,2199
2214,135,25,,0
2216,135,24,,0
2223,135,29,,2216
2231,136,25,,0
2233,136,24,,0
2240,136,29,,2233
2248,137,25,,0
27,2,47,"No",20
2250,137,24,,0
2257,137,29,,2250
2265,138,25,,0
2267,138,24,,0
2274,138,29,,2267
2282,139,25,,0
2284,139,24,,0
2291,139,29,,2284
2299,140,25,,0
2301,140,24,,0
2308,140,29,,2301
2316,141,25,,0
2318,141,24,,0
2325,141,29,,2318
2333,142,25,,0
2335,142,24,,0
2342,142,29,,2335
2350,143,25,,0
2352,143,24,,0
2360,143,29,,2352
2368,144,25,,0
2370,144,24,,0
2377,144,29,,2370
2385,145,25,,0
2387,145,24,,0
2394,145,29,,2387
28,2,48,"No",20
2402,146,25,,0
2404,146,24,,0
2411,146,29,,2404
2419,147,25,,0
2421,147,24,,0
2428,147,29,,2421
2436,148,25,,0
2438,148,24,,0
2445,148,29,,2438
2453,149,25,,0
2455,149,24,,0
2462,149,29,,2455
2470,150,25,,0
2472,150,24,,0
2479,150,29,,2472
2487,151,25,,0
2489,151,24,,0
2496,151,29,,2489
2504,152,25,,0
2506,152,24,,0
2513,152,29,,2506
2521,153,25,,0
2523,153,24,,0
2530,153,29,,2523
2538,154,25,,0
2540,154,24,,0
2547,154,29,,2540
29,2,49,"No",20
2555,155,25,,0
2557,155,24,,0
2563,155,29,,2557
2571,156,25,,0
2573,156,24,,0
2580,156,29,,2573
2588,157,25,,0
2590,157,24,,0
2597,157,29,,2590
2605,158,25,,0
2607,158,24,,0
2614,158,29,,2607
2622,159,25,,0
2631,159,29,,2624
2639,160,25,,0
2641,160,24,,0
2648,160,29,,2641
2660,161,25,,0
2662,161,24,,0
2669,161,29,,2662
2677,162,25,,0
2679,162,24,,0
2686,162,29,,2679
2694,163,25,,0
2696,163,24,,0
3504,212,25,,0
2703,163,29,,2696
2711,164,25,,0
2713,164,24,,0
2724,164,29,,2713
2732,165,25,,0
2734,165,24,,0
2741,165,29,,2734
2749,166,25,,0
2751,166,24,,0
2758,166,29,,2751
2766,167,25,,0
2768,167,24,,0
2775,167,29,,2768
2783,168,25,,0
2785,168,24,,0
2792,168,29,,2785
2800,169,25,,0
2802,169,24,,0
2809,169,29,,2802
2817,170,25,,0
2819,170,24,,0
2826,170,29,,2819
2834,171,25,,0
2836,171,24,,0
2843,171,29,,2836
2851,172,25,,0
21,2,43,"1",0
2853,172,24,,0
2860,172,29,,2853
2868,173,25,,0
2870,173,24,,0
2877,173,29,,2870
2885,174,25,,0
2887,174,24,,0
2894,174,29,,2887
2902,175,25,,0
2904,175,24,,0
2911,175,29,,2904
2919,176,25,,0
2921,176,24,,0
2928,176,29,,2921
2936,177,25,,0
2938,177,24,,0
2945,177,29,,2938
2953,178,25,,0
2955,178,24,,0
2962,178,29,,2955
2970,179,25,,0
2972,179,24,,0
2979,179,29,,2972
2987,180,25,,0
2989,180,24,,0
2996,180,29,,2989
32,2,30,"00:08:50",31
3004,181,25,,0
3006,181,24,,0
3013,181,29,,3006
3021,182,25,,0
3023,182,24,,0
3030,182,29,,3023
3038,183,25,,0
3040,183,24,,0
3047,183,29,,3040
3055,184,25,,0
3057,184,24,,0
3064,184,29,,3057
3072,185,25,,0
3074,185,24,,0
3081,185,29,,3074
3089,186,25,,0
3091,186,24,,0
3098,186,29,,3091
3106,187,25,,0
3108,187,24,,0
3115,187,29,,3108
3123,188,25,,0
3125,188,24,,0
3132,188,29,,3125
3140,189,25,,0
3142,189,24,,0
3149,189,29,,3142
33,2,31,"15",31
3157,190,25,,0
3159,190,24,,0
3166,190,29,,3159
3174,191,25,,0
3176,191,24,,0
3183,191,29,,3176
3191,192,25,,0
3193,192,24,,0
3200,192,29,,3193
3208,193,25,,0
3210,193,24,,0
3217,193,29,,3210
3225,194,25,,0
3227,194,24,,0
3234,194,29,,3227
3242,195,25,,0
3244,195,24,,0
3251,195,29,,3244
3259,196,25,,0
3261,196,24,,0
3268,196,29,,3261
3276,197,25,,0
3278,197,24,,0
3285,197,29,,3278
3293,198,25,,0
3295,198,24,,0
34,2,32,"Walk",31
3302,198,29,,3295
3310,199,25,,0
3312,199,24,,0
3319,199,29,,3312
3327,200,25,,0
3329,200,24,,0
3336,200,29,,3329
3344,201,25,,0
3346,201,24,,0
3353,201,29,,3346
3361,202,25,,0
3363,202,24,,0
3370,202,29,,3363
3378,203,25,,0
3380,203,24,,0
3387,203,29,,3380
3395,204,25,,0
3397,204,24,,0
3404,204,29,,3397
3412,205,25,,0
3414,205,24,,0
3421,205,29,,3414
3429,206,25,,0
3431,206,24,,0
3438,206,29,,3431
3446,207,25,,0
35,2,44,"00:00:59",31
3457,208,25,,0
3468,209,25,,0
3481,210,25,,0
3492,211,25,,0
3516,213,25,,0
3527,214,25,,0
3538,215,25,,0
3549,216,25,,0
3560,217,25,,0
3571,218,25,,0
3582,219,25,,0
3593,220,25,,0
36,2,45,"One person",31
3604,221,25,,0
3616,221,29,,3606
3624,222,25,,0
3626,222,24,,0
3634,222,29,,3626
3642,223,25,,0
3644,223,24,,0
3652,223,29,,3644
3660,224,25,,0
3662,224,24,,0
3670,224,29,,3662
3678,225,25,,0
3680,225,24,,0
3688,225,29,,3680
3696,226,25,,0
3698,226,24,,0
3706,226,29,,3698
3714,227,25,,0
3716,227,24,,0
3724,227,29,,3716
3732,228,25,,0
3734,228,24,,0
3742,228,29,,3734
3750,229,25,,0
3752,229,24,,0
37,2,51,"Perpendicular",31
3760,229,29,,3752
3768,230,25,,0
3779,231,25,,0
3790,232,25,,0
3801,233,25,,0
3812,234,25,,0
19,2,52,"00:10:21",0
3909,235,25,,0
3917,235,24,,0
3918,235,29,,3917
3991,236,25,,0
38,3,52,"00:03:21",0
40,3,43,"1",0
51,3,44,"00:01:10",47
52,3,45,"Two People",47
42,3,34,"Night",39
43,3,47,"No",39
44,3,48,"No",39
45,3,49,"No",39
48,3,30,"00:01:38",47
49,3,31,"15",47
50,3,32,"Walk",47
53,3,51,"Perpendicular",47
58,4,34,"Night",55
59,4,47,"No",55
60,4,48,"No",55
61,4,49,"No",55
64,4,30,"00:01:38",63
65,4,31,"15",63
54,4,52,"00:03:21",0
56,4,43,"1",0
66,4,32,"Walk",63
67,4,44,"00:01:09",63
68,4,45,"Two People",63
69,4,51,"Perpendicular",63
74,5,34,"Night",71
75,5,47,"No",71
70,5,52,"00:03:41",0
76,5,48,"No",71
77,5,49,"No",71
80,5,30,"00:01:25",79
81,5,31,"30",79
3881,63,56,,0
83,5,44,"00:01:17",79
72,5,43,"1",0
84,5,45,"One person",79
85,5,51,"Perpendicular",79
86,6,52,"00:03:41",0
88,6,43,"1",0
99,6,44,"00:01:24",95
100,6,45,"One person",95
101,6,51,"Perpendicular",95
90,6,34,"Night",87
91,6,47,"No",87
92,6,48,"No",87
93,6,49,"No",87
96,6,30,"00:01:17",95
97,6,31,"10",95
98,6,32,"Creep Walk",95
102,7,52,"00:03:08",0
104,7,43,"1",0
115,7,44,"00:01:13",111
116,7,45,"One person",111
117,7,51,"Perpendicular",111
122,8,34,"Night",119
123,8,47,"No",119
124,8,48,"No",119
106,7,34,"Night",103
107,7,47,"No",103
108,7,48,"No",103
109,7,49,"No",103
112,7,30,"00:00:18",111
113,7,31,"30",111
114,7,32,"Crouch Walk",111
118,8,52,"00:03:08",0
125,8,49,"No",119
128,8,30,"00:00:16",127
129,8,31,"10",127
130,8,32,"Crouch Walk",127
131,8,44,"00:01:15",127
132,8,45,"One person",127
120,8,43,"1",0
133,8,51,"Perpendicular",127
138,9,34,"Night",135
139,9,47,"No",135
140,9,48,"No",135
141,9,49,"No",135
144,9,30,"00:00:07",143
134,9,52,"00:02:48",0
136,9,43,"1",0
145,9,31,"10",143
146,9,32,"Crouch Walk",143
147,9,44,"00:01:02",143
148,9,45,"One person",143
149,9,51,"Perpendicular",143
154,10,34,"Night",151
150,10,52,"00:02:48",0
155,10,47,"No",151
156,10,48,"No",151
157,10,49,"No",151
160,10,30,"00:00:09",159
161,10,31,"30",159
162,10,32,"Crouch Walk",159
152,10,43,"1",0
163,10,44,"00:01:00",159
164,10,45,"One person",159
165,10,51,"Perpendicular",159
170,11,34,"Night",167
171,11,47,"No",167
172,11,48,"No",167
173,11,49,"No",167
166,11,52,"00:02:38",0
176,11,30,"00:00:03",175
177,11,31,"15",175
178,11,32,"Crawl",175
179,11,44,"00:01:15",175
180,11,45,"One person",175
181,11,51,"Perpendicular",175
168,11,43,"1",0
182,12,52,"00:02:38",0
184,12,43,"1",0
195,12,44,"00:01:15",191
196,12,45,"One person",191
259,16,44,"00:00:56",255
202,13,34,"Night",199
203,13,47,"No",199
186,12,34,"Night",183
187,12,47,"No",183
188,12,48,"No",183
189,12,49,"No",183
192,12,30,"00:00:03",191
193,12,31,"15",191
194,12,32,"Crawl",191
198,13,52,"00:03:02",0
204,13,48,"No",199
205,13,49,"No",199
208,13,30,"00:00:19",207
209,13,31,"10",207
210,13,32,"Crawl",207
214,14,52,"00:03:02",0
200,13,43,"1",0
211,13,44,"00:01:17",207
212,13,45,"One person",207
213,13,51,"Perpendicular",207
218,14,34,"Night",215
219,14,47,"No",215
220,14,48,"No",215
221,14,49,"No",215
224,14,30,"00:00:24",223
225,14,31,"30",223
226,14,32,"Crawl",223
230,15,52,"00:02:14",0
240,15,30,"00:00:04",239
241,15,31,"10",239
216,14,43,"1",0
227,14,44,"00:01:12",223
228,14,45,"One person",223
229,14,51,"Perpendicular",223
234,15,34,"Night",231
235,15,47,"No",231
236,15,48,"No",231
237,15,49,"No",231
232,15,43,"1",0
242,15,32,"Log Roll",239
243,15,44,"00:00:58",239
244,15,45,"One person",239
245,15,51,"Perpendicular",239
250,16,34,"Night",247
251,16,47,"No",247
252,16,48,"No",247
246,16,52,"00:02:14",0
253,16,49,"No",247
256,16,30,"00:00:06",255
257,16,31,"30",255
258,16,32,"Log Roll",255
260,16,45,"One person",255
248,16,43,"1",0
261,16,51,"Perpendicular",255
266,17,34,"Night",263
267,17,47,"No",263
268,17,48,"No",263
269,17,49,"No",263
272,17,30,"00:00:01",271
262,17,52,"00:01:59",0
264,17,43,"1",0
273,17,31,"10",271
274,17,32,"Run",271
3503,212,52,"00:15:00",0
276,17,45,"One person",271
277,17,51,"Diagonal",271
282,18,34,"Night",279
278,18,52,"00:01:59",0
283,18,47,"No",279
284,18,48,"No",279
285,18,49,"No",279
288,18,30,"00:00:01",287
289,18,31,"30",287
290,18,32,"Run",287
280,18,43,"1",0
292,18,45,"One person",287
293,18,51,"Diagonal",287
298,19,34,"Night",295
299,19,47,"No",295
300,19,48,"No",295
301,19,49,"No",295
294,19,52,"00:02:39",0
304,19,30,"00:00:15",303
305,19,31,"15",303
306,19,32,"Run",303
307,19,44,"00:01:04",303
308,19,45,"One person",303
309,19,51,"Perpendicular",303
296,19,43,"1",0
310,20,52,"00:02:39",0
312,20,43,"1",0
323,20,44,"00:01:04",319
324,20,45,"One person",319
325,20,51,"Perpendicular",319
330,21,34,"Night",327
331,21,47,"No",327
314,20,34,"Night",311
315,20,47,"No",311
316,20,48,"No",311
317,20,49,"No",311
320,20,30,"00:00:15",319
321,20,31,"15",319
322,20,32,"Run",319
326,21,52,"00:03:04",0
332,21,48,"No",327
333,21,49,"No",327
336,21,30,"00:00:16",335
337,21,31,"15",335
338,21,32,"Walk",335
339,21,44,"00:01:18",335
328,21,43,"1",0
340,21,45,"One person",335
341,21,51,"Diagonal",335
346,22,34,"Night",343
347,22,47,"No",343
348,22,48,"No",343
349,22,49,"No",343
342,22,52,"00:03:04",0
344,22,43,"1",0
358,23,52,"00:03:21",0
364,23,48,"No",359
365,23,49,"No",359
368,23,30,"00:00:21",367
369,23,31,"10",367
352,22,30,"00:00:14",351
353,22,31,"15",351
354,22,32,"Walk",351
355,22,44,"00:01:20",351
356,22,45,"One person",351
357,22,51,"Diagonal",351
362,23,34,"Night",359
363,23,47,"No",359
360,23,43,"1",0
370,23,32,"Walk",367
371,23,44,"00:01:08",367
372,23,45,"One person",367
373,23,51,"Perpendicular",367
378,24,34,"Night",375
379,24,47,"No",375
380,24,48,"No",375
374,24,52,"00:03:21",0
381,24,49,"No",375
384,24,30,"00:00:22",383
385,24,31,"30",383
386,24,32,"Walk",383
387,24,44,"00:01:07",383
388,24,45,"One person",383
376,24,43,"1",0
389,24,51,"Perpendicular",383
394,25,34,"Night",391
395,25,47,"No",391
396,25,48,"No",391
397,25,49,"No",391
400,25,30,"00:00:25",399
390,25,52,"00:03:24",0
392,25,43,"1",0
401,25,31,"10",399
402,25,32,"Walk",399
403,25,44,"00:01:07",399
3882,63,55,"Bats",3881
405,25,51,"Perpendicular",399
410,26,34,"Night",407
406,26,52,"00:03:24",0
411,26,47,"No",407
412,26,48,"No",407
413,26,49,"No",407
416,26,30,"00:00:26",415
417,26,31,"30",415
418,26,32,"Walk",415
408,26,43,"1",0
419,26,44,"00:01:06",415
420,26,45,"Two People",415
421,26,51,"Perpendicular",415
426,27,34,"Night",423
427,27,47,"No",423
428,27,48,"No",423
429,27,49,"No",423
422,27,52,"00:03:26",0
432,27,30,"00:00:09",431
433,27,31,"10",431
434,27,32,"Creep Walk",431
435,27,44,"00:01:28",431
436,27,45,"One person",431
437,27,51,"Perpendicular",431
424,27,43,"1",0
438,28,52,"00:03:26",0
440,28,43,"1",0
451,28,44,"00:01:23",447
452,28,45,"One person",447
453,28,51,"Perpendicular",447
458,29,34,"Night",455
459,29,47,"No",455
442,28,34,"Night",439
443,28,47,"No",439
444,28,48,"No",439
445,28,49,"No",439
448,28,30,"00:00:14",447
449,28,31,"30",447
450,28,32,"Creep Walk",447
454,29,52,"00:03:11",0
460,29,48,"No",455
461,29,49,"No",455
464,29,30,"00:00:15",463
465,29,31,"30",463
466,29,32,"Crouch Walk",463
467,29,44,"00:01:19",463
456,29,43,"1",0
468,29,45,"One person",463
469,29,51,"Diagonal",463
474,30,34,"Night",471
475,30,47,"No",471
476,30,48,"No",471
477,30,49,"No",471
470,30,52,"00:03:11",0
472,30,43,"1",0
486,31,52,"00:03:02",0
492,31,48,"No",487
493,31,49,"No",487
496,31,30,"00:00:20",495
497,31,31,"30",495
480,30,30,"00:00:15",479
481,30,31,"10",479
482,30,32,"Crouch Walk",479
483,30,44,"00:01:19",479
484,30,45,"One person",479
485,30,51,"Diagonal",479
490,31,34,"Night",487
491,31,47,"No",487
488,31,43,"1",0
999,63,52,"00:06:53",0
499,31,44,"00:01:25",495
500,31,45,"One person",495
501,31,51,"Perpendicular",495
506,32,34,"Night",503
507,32,47,"No",503
508,32,48,"No",503
502,32,52,"00:03:02",0
509,32,49,"No",503
512,32,30,"00:00:15",511
513,32,31,"10",511
1003,63,34,"Dawn",1000
515,32,44,"00:01:30",511
516,32,45,"One person",511
504,32,43,"1",0
517,32,51,"Perpendicular",511
522,33,34,"Night",519
523,33,47,"No",519
524,33,48,"No",519
525,33,49,"No",519
528,33,30,"00:00:10",527
518,33,52,"00:03:22",0
520,33,43,"1",0
529,33,31,"15",527
1004,63,40,"None",1000
531,33,44,"00:01:16",527
532,33,45,"One person",527
533,33,51,"Perpendicular",527
538,34,34,"Night",535
534,34,52,"00:03:22",0
539,34,47,"No",535
540,34,48,"No",535
541,34,49,"No",535
544,34,30,"00:00:10",543
545,34,31,"15",543
547,34,44,"00:01:16",543
536,34,43,"1",0
1005,63,47,"No",1000
548,34,45,"One person",543
549,34,51,"Perpendicular",543
554,35,34,"Night",551
555,35,47,"No",551
556,35,48,"No",551
557,35,49,"No",551
550,35,52,"00:02:56",0
560,35,30,"00:00:12",559
561,35,31,"10",559
1006,63,48,"No",1000
563,35,44,"00:01:18",559
564,35,45,"One person",559
565,35,51,"Perpendicular",559
552,35,43,"1",0
566,36,52,"00:02:56",0
568,36,43,"1",0
579,36,44,"00:01:15",575
580,36,45,"One person",575
581,36,51,"Perpendicular",575
586,37,34,"Night",583
587,37,47,"No",583
570,36,34,"Night",567
571,36,47,"No",567
572,36,48,"No",567
573,36,49,"No",567
576,36,30,"00:00:15",575
577,36,31,"30",575
1007,63,49,"No",1000
582,37,52,"00:02:42",0
588,37,48,"No",583
589,37,49,"No",583
592,37,30,"00:00:06",591
593,37,31,"30",591
594,37,32,"Run",591
595,37,44,"00:01:00",591
584,37,43,"1",0
596,37,45,"One person",591
597,37,51,"Perpendicular",591
602,38,34,"Night",599
603,38,47,"No",599
604,38,48,"No",599
605,38,49,"No",599
598,38,52,"00:02:42",0
600,38,43,"1",0
608,38,30,"00:00:06",607
609,38,31,"10",607
610,38,32,"Run",607
611,38,44,"00:01:00",607
612,38,45,"One person",607
613,38,51,"Perpendicular",607
643,40,44,"00:01:09",639
644,40,45,"One person",639
645,40,51,"Perpendicular",639
614,39,52,"00:02:49",0
618,39,34,"Night",615
619,39,47,"No",615
620,39,48,"No",615
621,39,49,"No",615
616,39,43,"1",0
624,39,30,"00:00:03",623
625,39,31,"30",623
3883,2,56,,0
627,39,44,"00:01:08",623
628,39,45,"One person",623
629,39,51,"Perpendicular",623
630,40,52,"00:02:49",0
634,40,34,"Night",631
635,40,47,"No",631
636,40,48,"No",631
637,40,49,"No",631
632,40,43,"1",0
640,40,30,"00:00:02",639
641,40,31,"10",639
642,40,32,"Run",639
646,41,52,"00:01:52",0
648,41,43,"1",0
659,41,44,"00:01:06",655
660,41,45,"One person",655
661,41,51,"Perpendicular",655
666,42,34,"Night",663
667,42,47,"No",663
668,42,48,"No",663
650,41,34,"Night",647
651,41,47,"No",647
652,41,48,"No",647
653,41,49,"No",647
656,41,30,"00:00:06",655
657,41,31,"10",655
3884,2,55,"Bats",3883
662,42,52,"00:01:52",0
669,42,49,"No",663
672,42,30,"00:00:06",671
673,42,31,"30",671
675,42,44,"00:01:05",671
676,42,45,"One person",671
664,42,43,"1",0
677,42,51,"Perpendicular",671
682,43,34,"Night",679
683,43,47,"No",679
684,43,48,"No",679
685,43,49,"No",679
688,43,30,"00:01:11",687
678,43,52,"00:02:32",0
680,43,43,"1",0
689,43,31,"30",687
690,43,32,"Walk",687
691,43,44,"00:00:55",687
692,43,45,"One person",687
693,43,51,"Perpendicular",687
698,44,34,"Night",695
694,44,52,"00:02:32",0
699,44,47,"No",695
700,44,48,"No",695
701,44,49,"No",695
704,44,30,"00:01:10",703
705,44,31,"10",703
706,44,32,"Walk",703
696,44,43,"1",0
707,44,44,"00:00:55",703
708,44,45,"One person",703
709,44,51,"Perpendicular",703
714,45,34,"Night",711
715,45,47,"No",711
716,45,48,"No",711
717,45,49,"No",711
710,45,52,"00:03:09",0
720,45,30,"00:01:10",719
721,45,31,"30",719
722,45,32,"Walk",719
724,45,45,"Two People",719
725,45,51,"Perpendicular",719
712,45,43,"1",0
726,46,52,"00:03:09",0
730,46,34,"Night",727
731,46,47,"No",727
732,46,48,"No",727
733,46,49,"No",727
728,46,43,"1",0
736,46,30,"00:01:08",735
737,46,31,"10",735
738,46,32,"Walk",735
740,46,45,"Two People",735
741,46,51,"Perpendicular",735
742,47,52,"00:03:12",0
746,47,34,"Night",743
747,47,47,"No",743
748,47,48,"No",743
749,47,49,"No",743
744,47,43,"1",0
752,47,30,"00:01:14",751
753,47,31,"15",751
754,47,32,"Creep Walk",751
755,47,44,"00:01:22",751
756,47,45,"One person",751
757,47,51,"Diagonal",751
758,48,52,"00:03:12",0
762,48,34,"Night",759
763,48,47,"No",759
764,48,48,"No",759
765,48,49,"No",759
768,48,30,"00:01:20",767
769,48,31,"15",767
770,48,32,"Creep Walk",767
760,48,43,"1",0
771,48,44,"00:01:16",767
772,48,45,"One person",767
773,48,51,"Diagonal",767
778,49,34,"Night",775
779,49,47,"No",775
780,49,48,"No",775
781,49,49,"No",775
774,49,52,"00:04:05",0
784,49,30,"00:01:14",783
785,49,31,"15",783
786,49,32,"Creep Walk",783
787,49,44,"00:01:39",783
788,49,45,"One person",783
789,49,51,"Perpendicular",783
776,49,43,"1",0
790,50,52,"00:04:05",0
792,50,43,"1",0
803,50,44,"00:01:39",799
804,50,45,"One person",799
805,50,51,"Perpendicular",799
810,51,34,"Night",807
811,51,47,"No",807
794,50,34,"Night",791
795,50,47,"No",791
796,50,48,"No",791
797,50,49,"No",791
800,50,30,"00:01:14",799
801,50,31,"15",799
802,50,32,"Creep Walk",799
806,51,52,"00:03:52",0
812,51,48,"No",807
3885,4,56,,0
816,51,30,"00:01:18",815
817,51,31,"15",815
818,51,32,"Crouch Walk",815
819,51,44,"00:01:01",815
808,51,43,"1",0
820,51,45,"One person",815
821,51,51,"Perpendicular",815
826,52,34,"Night",823
827,52,47,"No",823
828,52,48,"No",823
4000,3,57,"Fence Attack",47
822,52,52,"00:03:52",0
824,52,43,"1",0
838,53,52,"00:02:19",0
844,53,48,"No",839
3886,4,55,"Bats",3885
848,53,30,"00:00:34",847
849,53,31,"30",847
832,52,30,"00:01:18",831
833,52,31,"15",831
834,52,32,"Crouch Walk",831
835,52,44,"00:01:01",831
836,52,45,"One person",831
837,52,51,"Perpendicular",831
842,53,34,"Night",839
843,53,47,"No",839
840,53,43,"1",0
850,53,32,"Crawl",847
851,53,44,"00:01:09",847
852,53,45,"One person",847
853,53,51,"Perpendicular",847
858,54,34,"Night",855
859,54,47,"No",855
860,54,48,"No",855
854,54,52,"00:02:19",0
3989,236,52,"00:30:00",0
864,54,30,"00:00:31",863
865,54,31,"10",863
866,54,32,"Crawl",863
867,54,44,"00:01:12",863
868,54,45,"One person",863
856,54,43,"1",0
869,54,51,"Perpendicular",863
514,32,32,"Body Drag",511
578,36,32,"Body Drag",575
562,35,32,"Body Drag",559
874,55,34,"Night",871
875,55,47,"No",871
876,55,48,"No",871
498,31,32,"Body Drag",495
546,34,32,"Body Drag",543
530,33,32,"Body Drag",527
870,55,52,"00:02:19",0
877,55,49,"No",871
880,55,30,"00:00:58",879
881,55,31,"30",879
872,55,43,"1",0
882,55,32,"Log Roll",879
883,55,44,"00:01:07",879
884,55,45,"One person",879
885,55,51,"Perpendicular",879
890,56,34,"Night",887
891,56,47,"No",887
892,56,48,"No",887
886,56,52,"00:02:19",0
3990,236,43,"0",0
896,56,30,"00:00:56",895
897,56,31,"10",895
898,56,32,"Log Roll",895
899,56,44,"00:01:09",895
900,56,45,"One person",895
888,56,43,"1",0
901,56,51,"Perpendicular",895
906,57,34,"Night",903
907,57,47,"No",903
908,57,48,"No",903
909,57,49,"No",903
912,57,30,"00:01:13",911
902,57,52,"00:03:03",0
904,57,43,"1",0
913,57,31,"10",911
914,57,32,"Run",911
915,57,44,"00:00:53",911
916,57,45,"One person",911
917,57,51,"Perpendicular",911
922,58,34,"Night",919
918,58,52,"00:03:03",0
923,58,47,"No",919
924,58,48,"No",919
925,58,49,"No",919
928,58,30,"00:01:13",927
929,58,31,"30",927
930,58,32,"Run",927
920,58,43,"1",0
931,58,44,"00:00:53",927
932,58,45,"One person",927
933,58,51,"Perpendicular",927
938,59,34,"Night",935
939,59,47,"No",935
940,59,48,"No",935
941,59,49,"No",935
934,59,52,"00:02:19",0
944,59,30,"00:00:54",943
945,59,31,"15",943
946,59,32,"Crouch Run",943
948,59,45,"One person",943
949,59,51,"Perpendicular",943
936,59,43,"1",0
950,60,52,"00:02:19",0
952,60,43,"1",0
965,60,45,"One person",959
966,60,51,"Perpendicular",959
971,61,34,"Night",968
972,61,47,"No",968
954,60,34,"Night",951
955,60,47,"No",951
956,60,48,"No",951
957,60,49,"No",951
961,60,30,"00:00:54",959
962,60,31,"15",959
963,60,32,"Crouch Run",959
967,61,52,"00:04:52",0
973,61,48,"No",968
974,61,49,"No",968
977,61,30,"00:01:17",976
978,61,31,"15",976
979,61,32,"Walk With Ladder",976
969,61,43,"1",0
981,61,45,"One person",976
982,61,51,"Perpendicular",976
987,62,34,"Night",984
988,62,47,"No",984
989,62,48,"No",984
990,62,49,"No",984
983,62,52,"00:04:52",0
985,62,43,"1",0
1200,75,52,"00:02:39",0
1204,75,34,"Dawn",1201
1205,75,47,"No",1201
1206,75,48,"No",1201
993,62,30,"00:01:17",992
994,62,31,"15",992
995,62,32,"Walk With Ladder",992
997,62,45,"One person",992
998,62,51,"Perpendicular",992
1010,63,30,"00:05:36",1009
1001,63,43,"1",0
1011,63,31,"15",1009
1012,63,32,"Walk",1009
1013,63,44,"00:01:06",1009
1014,63,45,"One person",1009
1015,63,51,"Perpendicular",1009
1020,64,34,"Dawn",1017
1021,64,40,"None",1017
1016,64,52,"00:06:53",0
1022,64,47,"No",1017
1023,64,48,"No",1017
1024,64,49,"No",1017
1027,64,30,"00:05:36",1026
1028,64,31,"15",1026
1029,64,32,"Walk",1026
1018,64,43,"1",0
1030,64,44,"00:01:06",1026
1031,64,45,"One person",1026
1032,64,51,"Perpendicular",1026
1033,65,52,"00:04:19",0
1035,65,43,"1",0
1046,65,32,"Walk",1043
1037,65,34,"Dawn",1034
1038,65,40,"None",1034
1039,65,47,"No",1034
1040,65,48,"No",1034
1041,65,49,"No",1034
1044,65,30,"00:01:50",1043
1045,65,31,"15",1043
1048,65,45,"Two People",1043
1049,65,51,"Perpendicular",1043
1054,66,34,"Dawn",1051
1055,66,40,"None",1051
1056,66,47,"No",1051
1057,66,48,"No",1051
1058,66,49,"No",1051
1050,66,52,"00:04:19",0
1052,66,43,"1",0
1067,67,52,"00:02:57",0
1073,67,47,"No",1068
1074,67,48,"No",1068
1075,67,49,"No",1068
1078,67,30,"00:00:11",1077
1061,66,30,"00:01:50",1060
1062,66,31,"15",1060
1063,66,32,"Walk",1060
1065,66,45,"Two People",1060
1066,66,51,"Perpendicular",1060
1071,67,34,"Dawn",1068
1072,67,40,"None",1068
1069,67,43,"1",0
1079,67,31,"30",1077
1080,67,32,"Crouch Walk",1077
1081,67,44,"00:01:13",1077
1082,67,45,"One person",1077
1083,67,51,"Perpendicular",1077
1088,68,34,"Dawn",1085
1089,68,40,"None",1085
1084,68,52,"00:02:57",0
1090,68,47,"No",1085
1091,68,48,"No",1085
1092,68,49,"No",1085
1095,68,30,"00:00:09",1094
1096,68,31,"10",1094
1097,68,32,"Crouch Walk",1094
1086,68,43,"1",0
1098,68,44,"00:01:15",1094
1099,68,45,"One person",1094
1100,68,51,"Perpendicular",1094
1101,69,52,"00:02:46",0
1103,69,43,"1",0
1114,69,32,"Crawl",1111
1105,69,34,"Dawn",1102
1106,69,40,"None",1102
1107,69,47,"No",1102
1108,69,48,"No",1102
1109,69,49,"No",1102
1112,69,30,"00:00:09",1111
1113,69,31,"15",1111
1116,69,45,"One person",1111
1117,69,51,"Perpendicular",1111
1122,70,34,"Dawn",1119
1123,70,40,"None",1119
1124,70,47,"No",1119
1125,70,48,"No",1119
1126,70,49,"No",1119
1118,70,52,"00:02:46",0
1120,70,43,"1",0
1135,71,52,"00:02:44",0
1141,71,47,"No",1136
1142,71,48,"No",1136
1143,71,49,"No",1136
1146,71,30,"00:00:20",1145
1129,70,30,"00:00:09",1128
1130,70,31,"15",1128
1131,70,32,"Crawl",1128
1133,70,45,"One person",1128
1134,70,51,"Perpendicular",1128
1139,71,34,"Dawn",1136
1140,71,40,"None",1136
1137,71,43,"1",0
1147,71,31,"15",1145
1148,71,32,"Creep Walk",1145
1149,71,44,"00:01:34",1145
1150,71,45,"One person",1145
1151,71,51,"Perpendicular",1145
1156,72,34,"Dawn",1153
1157,72,47,"No",1153
1152,72,52,"00:02:44",0
1158,72,48,"No",1153
1159,72,49,"No",1153
1162,72,30,"00:00:21",1161
1163,72,31,"15",1161
1164,72,32,"Creep Walk",1161
1165,72,44,"00:01:33",1161
1154,72,43,"1",0
1166,72,45,"One person",1161
1167,72,51,"Perpendicular",1161
1172,73,34,"Dawn",1169
1173,73,47,"No",1169
1174,73,48,"No",1169
1175,73,49,"No",1169
1168,73,52,"00:03:32",0
1170,73,43,"1",0
1184,74,52,"00:03:32",0
1190,74,48,"No",1185
1191,74,49,"No",1185
1194,74,30,"00:00:54",1193
1195,74,31,"30",1193
1178,73,30,"00:00:54",1177
1179,73,31,"10",1177
1180,73,32,"Run",1177
1182,73,45,"One person",1177
1183,73,51,"Perpendicular",1177
1188,74,34,"Dawn",1185
1189,74,47,"No",1185
1186,74,43,"1",0
1196,74,32,"Run",1193
1198,74,45,"One person",1193
1199,74,51,"Perpendicular",1193
1207,75,49,"No",1201
1202,75,43,"1",0
1220,76,34,"Dawn",1217
1221,76,47,"No",1217
1222,76,48,"No",1217
1223,76,49,"No",1217
1226,76,30,"00:00:02",1225
1227,76,31,"15",1225
1210,75,30,"00:00:02",1209
1211,75,31,"15",1209
1212,75,32,"Run",1209
1214,75,45,"One person",1209
1215,75,51,"Perpendicular",1209
1216,76,52,"00:02:39",0
1218,76,43,"1",0
1228,76,32,"Run",1225
1230,76,45,"One person",1225
1231,76,51,"Perpendicular",1225
1236,77,34,"Dawn",1233
1237,77,47,"No",1233
1238,77,48,"No",1233
1232,77,52,"00:03:51",0
1239,77,49,"No",1233
1242,77,30,"00:00:17",1241
1243,77,31,"10",1241
1244,77,32,"Creep Walk",1241
1245,77,44,"00:02:04",1241
1246,77,45,"One person",1241
1234,77,43,"1",0
1247,77,51,"Diagonal",1241
1252,78,34,"Dawn",1249
1253,78,47,"No",1249
1254,78,48,"No",1249
1255,78,49,"No",1249
1258,78,30,"00:00:17",1257
1248,78,52,"00:03:51",0
1250,78,43,"1",0
1259,78,31,"30",1257
1260,78,32,"Creep Walk",1257
1261,78,44,"00:01:59",1257
1262,78,45,"One person",1257
1263,78,51,"Diagonal",1257
1268,79,34,"Dawn",1265
1264,79,52,"00:02:32",0
1269,79,47,"No",1265
1270,79,48,"No",1265
1271,79,49,"No",1265
1274,79,30,"00:00:09",1273
1275,79,31,"30",1273
1276,79,32,"Run",1273
1266,79,43,"1",0
1278,79,45,"One person",1273
1279,79,51,"Perpendicular",1273
1284,80,34,"Dawn",1281
1285,80,47,"No",1281
1286,80,48,"No",1281
1287,80,49,"No",1281
1280,80,52,"00:02:32",0
1290,80,30,"00:00:04",1289
1291,80,31,"10",1289
1292,80,32,"Run",1289
1294,80,45,"One person",1289
1295,80,51,"Perpendicular",1289
1282,80,43,"1",0
1296,81,52,"00:01:22",0
1298,81,43,"1",0
1310,81,45,"One person",1305
1312,82,52,"00:01:27",0
1314,82,43,"1",0
1300,81,34,"Dawn",1297
1301,81,47,"No",1297
1302,81,48,"No",1297
1303,81,49,"No",1297
1306,81,30,"00:00:08",1305
1307,81,31,"30",1305
1308,81,32,"Walk With Ladder",1305
1316,82,34,"Dawn",1313
1317,82,47,"No",1313
1318,82,48,"No",1313
1319,82,49,"No",1313
1322,82,30,"00:00:12",1321
1323,82,31,"10",1321
1324,82,32,"Walk With Ladder",1321
1326,82,45,"One person",1321
1327,82,51,"Perpendicular",1321
1328,83,52,"00:07:35",0
1332,83,34,"Day",1329
1333,83,40,"None",1329
1335,83,47,"No",1329
1336,83,48,"No",1329
1311,81,51,"Perpendicular",1305
1337,83,49,"No",1329
1340,83,30,"00:04:58",1339
1341,83,31,"10",1339
1342,83,32,"Walk",1339
1343,83,44,"00:01:05",1339
1344,83,45,"One person",1339
1330,83,43,"1",0
1345,83,51,"Perpendicular",1339
1346,84,52,"00:07:35",0
1348,84,43,"1",0
1359,84,32,"Walk",1356
1360,84,44,"00:01:04",1356
1361,84,45,"One person",1356
1362,84,51,"Perpendicular",1356
1384,86,34,"Day",1381
1385,86,40,"None",1381
1386,86,47,"No",1381
1387,86,48,"No",1381
1388,86,49,"No",1381
1350,84,34,"Day",1347
1351,84,40,"None",1347
1352,84,47,"No",1347
1353,84,48,"No",1347
1354,84,49,"No",1347
1357,84,30,"00:04:59",1356
1358,84,31,"30",1356
1363,85,52,"00:02:38",0
1365,85,43,"1",0
1376,85,32,"Walk",1373
1377,85,44,"00:01:01",1373
1378,85,45,"Two People",1373
1379,85,51,"Perpendicular",1373
1382,86,43,"1",0
1367,85,34,"Day",1364
1368,85,40,"None",1364
1369,85,47,"No",1364
1370,85,48,"No",1364
1371,85,49,"No",1364
1374,85,30,"00:00:17",1373
1375,85,31,"10",1373
1380,86,52,"00:02:38",0
1391,86,30,"00:00:19",1390
1392,86,31,"30",1390
1393,86,32,"Walk",1390
1395,86,45,"Two People",1390
1396,86,51,"Perpendicular",1390
1401,87,34,"Day",1398
1397,87,52,"00:01:46",0
1402,87,40,"None",1398
1403,87,47,"No",1398
1404,87,48,"No",1398
1405,87,49,"No",1398
1408,87,30,"00:00:14",1407
1399,87,43,"1",0
1409,87,31,"10",1407
1410,87,32,"Crouch Walk",1407
1412,87,45,"One person",1407
1413,87,51,"Perpendicular",1407
1418,88,34,"Day",1415
1419,88,40,"None",1415
1414,88,52,"00:01:46",0
1421,88,48,"No",1415
1422,88,49,"No",1415
1420,88,47,"No",1415
1425,88,30,"00:00:15",1424
1426,88,31,"30",1424
1427,88,32,"Crouch Walk",1424
1416,88,43,"1",0
1429,88,45,"One person",1424
1430,88,51,"Perpendicular",1424
1435,89,34,"Day",1432
1436,89,40,"None",1432
1437,89,47,"No",1432
1438,89,48,"No",1432
1431,89,52,"00:02:25",0
1439,89,49,"No",1432
1442,89,30,"00:00:22",1441
1443,89,31,"30",1441
1444,89,32,"Run",1441
1446,89,45,"One person",1441
1433,89,43,"1",0
1447,89,51,"Perpendicular",1441
1452,90,34,"Day",1449
1453,90,40,"None",1449
1454,90,47,"No",1449
1455,90,48,"No",1449
1456,90,49,"No",1449
1448,90,52,"00:02:25",0
1476,91,30,"00:00:06",1475
1477,91,31,"15",1475
1478,91,32,"Crouch Run",1475
1479,91,44,"00:01:01",1475
1480,91,45,"One person",1475
1481,91,51,"Perpendicular",1475
1486,92,34,"Day",1483
1450,90,43,"1",0
1459,90,30,"00:00:22",1458
1460,90,31,"10",1458
1461,90,32,"Run",1458
1463,90,45,"One person",1458
1464,90,51,"Perpendicular",1458
1465,91,52,"00:02:48",0
1469,91,34,"Day",1466
1470,91,40,"None",1466
1471,91,47,"No",1466
1472,91,48,"No",1466
1473,91,49,"No",1466
1467,91,43,"1",0
1482,92,52,"00:02:48",0
1487,92,40,"None",1483
1488,92,47,"No",1483
1489,92,48,"No",1483
1490,92,49,"No",1483
1493,92,30,"00:00:06",1492
1494,92,31,"15",1492
1484,92,43,"1",0
1495,92,32,"Crouch Run",1492
1496,92,44,"00:01:01",1492
1497,92,45,"One person",1492
1498,92,51,"Perpendicular",1492
1503,93,34,"Day",1500
1504,93,40,"None",1500
1505,93,47,"No",1500
1499,93,52,"00:01:41",0
1506,93,48,"No",1500
1507,93,49,"No",1500
1510,93,30,"00:00:02",1509
1511,93,31,"30",1509
1512,93,32,"Crouch Walk",1509
1501,93,43,"1",0
1514,93,45,"One person",1509
1515,93,51,"Perpendicular",1509
1520,94,34,"Day",1517
1521,94,40,"None",1517
1522,94,47,"No",1517
1523,94,48,"No",1517
1524,94,49,"No",1517
1516,94,52,"00:01:41",0
1527,94,30,"00:00:01",1526
1528,94,31,"10",1526
1529,94,32,"Crouch Run",1526
1531,94,45,"One person",1526
1518,94,43,"1",0
1533,95,52,"00:02:55",0
1535,95,43,"1",0
1545,95,31,"10",1543
1546,95,32,"Crawl",1543
1547,95,44,"00:01:04",1543
1548,95,45,"One person",1543
1549,95,51,"Perpendicular",1543
1532,94,51,"Perpendicular",1526
1537,95,34,"Day",1534
1538,95,40,"None",1534
1539,95,47,"No",1534
1540,95,48,"No",1534
1541,95,49,"No",1534
1544,95,30,"00:00:49",1543
1550,96,52,"00:02:55",0
1554,96,34,"Day",1551
1555,96,40,"None",1551
1556,96,47,"No",1551
1557,96,48,"No",1551
1558,96,49,"No",1551
1552,96,43,"1",0
2173,132,30,"00:00:06",2172
2174,132,31,"10",2172
1809,111,34,"Day",1806
1561,96,30,"00:00:53",1560
1562,96,31,"30",1560
1563,96,32,"Crawl",1560
1564,96,44,"00:01:00",1560
1565,96,45,"One person",1560
1566,96,51,"Perpendicular",1560
1571,97,34,"Day",1568
1572,97,40,"None",1568
1567,97,52,"00:02:46",0
1573,97,47,"No",1568
1574,97,48,"No",1568
1575,97,49,"No",1568
1578,97,30,"00:00:07",1577
1579,97,31,"30",1577
1580,97,32,"Body Drag",1577
1569,97,43,"1",0
1581,97,44,"00:01:28",1577
1582,97,45,"One person",1577
3925,18,56,,0
1588,98,34,"Day",1585
1589,98,40,"None",1585
1590,98,47,"No",1585
1591,98,48,"No",1585
1584,98,52,"00:02:46",0
1592,98,49,"No",1585
1595,98,30,"00:00:03",1594
1596,98,31,"10",1594
1597,98,32,"Body Drag",1594
1598,98,44,"00:01:31",1594
1599,98,45,"One person",1594
1586,98,43,"1",0
1600,98,51,"Perpendicular",1594
1605,99,34,"Day",1602
1606,99,40,"None",1602
1607,99,47,"No",1602
1608,99,48,"No",1602
1609,99,49,"No",1602
1601,99,52,"00:02:33",0
1603,99,43,"1",0
1618,100,52,"00:02:33",0
1624,100,47,"No",1619
1625,100,48,"No",1619
1626,100,49,"No",1619
1629,100,30,"00:00:06",1628
1612,99,30,"00:00:06",1611
1613,99,31,"10",1611
1614,99,32,"Run",1611
1616,99,45,"One person",1611
1617,99,51,"Perpendicular",1611
1622,100,34,"Day",1619
1623,100,40,"None",1619
1620,100,43,"1",0
1630,100,31,"30",1628
1631,100,32,"Run",1628
1633,100,45,"One person",1628
1634,100,51,"Perpendicular",1628
1639,101,34,"Day",1636
1640,101,40,"None",1636
1635,101,52,"00:03:35",0
1641,101,47,"No",1636
1642,101,48,"No",1636
1643,101,49,"No",1636
1646,101,30,"00:00:09",1645
1647,101,31,"30",1645
1648,101,32,"Creep Walk",1645
1637,101,43,"1",0
1649,101,44,"00:02:08",1645
1650,101,45,"One person",1645
1651,101,51,"Diagonal",1645
1656,102,34,"Day",1653
1657,102,40,"None",1653
1658,102,47,"No",1653
1659,102,48,"No",1653
1652,102,52,"00:03:35",0
1660,102,49,"No",1653
1663,102,30,"00:00:09",1662
1664,102,31,"10",1662
1665,102,32,"Creep Walk",1662
1666,102,44,"00:02:08",1662
1667,102,45,"One person",1662
1654,102,43,"1",0
1668,102,51,"Diagonal",1662
1673,103,34,"Day",1670
1674,103,40,"None",1670
1675,103,47,"No",1670
1676,103,48,"No",1670
1677,103,49,"No",1670
1669,103,52,"00:01:59",0
1671,103,43,"1",0
1686,104,52,"00:01:59",0
1692,104,47,"No",1687
1693,104,48,"No",1687
1694,104,49,"No",1687
1697,104,30,"00:00:08",1696
1680,103,30,"00:00:12",1679
1681,103,31,"30",1679
1682,103,32,"Log Roll",1679
1684,103,45,"One person",1679
1685,103,51,"Perpendicular",1679
1690,104,34,"Day",1687
1691,104,40,"None",1687
1688,104,43,"1",0
1698,104,31,"10",1696
1699,104,32,"Log Roll",1696
1701,104,45,"One person",1696
1702,104,51,"Perpendicular",1696
1707,105,34,"Day",1704
1708,105,40,"None",1704
1703,105,52,"00:02:18",0
1709,105,47,"No",1704
1710,105,48,"No",1704
1711,105,49,"No",1704
1714,105,30,"00:00:11",1713
1715,105,31,"10",1713
1716,105,32,"Crouch Run",1713
1705,105,43,"1",0
1718,105,45,"One person",1713
1719,105,51,"Perpendicular",1713
1724,106,34,"Day",1721
1725,106,40,"None",1721
1726,106,47,"No",1721
1727,106,48,"No",1721
1720,106,52,"00:02:18",0
1728,106,49,"No",1721
1731,106,30,"00:00:12",1730
1732,106,31,"30",1730
1733,106,32,"Crouch Run",1730
1735,106,45,"One person",1730
1722,106,43,"1",0
1736,106,51,"Perpendicular",1730
1741,107,34,"Day",1738
1742,107,40,"None",1738
1743,107,47,"No",1738
1744,107,48,"No",1738
1745,107,49,"No",1738
1737,107,52,"00:00:39",0
1739,107,43,"1",0
1754,108,52,"00:00:39",0
1760,108,47,"No",1755
1761,108,48,"No",1755
1762,108,49,"No",1755
1765,108,30,"00:00:19",1764
1748,107,30,"00:00:20",1747
1749,107,31,"30",1747
1750,107,32,"Walk With Ladder",1747
1752,107,45,"One person",1747
1753,107,51,"Perpendicular",1747
1758,108,34,"Day",1755
1759,108,40,"None",1755
1756,108,43,"1",0
1766,108,31,"10",1764
1767,108,32,"Walk With Ladder",1764
1769,108,45,"One person",1764
1770,108,51,"Perpendicular",1764
1775,109,34,"Day",1772
1776,109,40,"Overcast",1772
1771,109,52,"00:07:44",0
1777,109,47,"No",1772
1778,109,48,"No",1772
1779,109,49,"No",1772
1782,109,30,"00:05:19",1781
1783,109,31,"15",1781
1784,109,32,"Walk",1781
1773,109,43,"1",0
1786,109,45,"One person",1781
1787,109,51,"Perpendicular",1781
1792,110,34,"Day",1789
1793,110,40,"Overcast",1789
1794,110,47,"No",1789
1795,110,48,"No",1789
1788,110,52,"00:07:44",0
1796,110,49,"No",1789
1799,110,30,"00:05:19",1798
1800,110,31,"15",1798
1801,110,32,"Walk",1798
1803,110,45,"One person",1798
1790,110,43,"1",0
1804,110,51,"Perpendicular",1798
1810,111,40,"Overcast",1806
1811,111,47,"No",1806
1812,111,48,"No",1806
1813,111,49,"No",1806
1816,111,30,"00:00:07",1815
1805,111,52,"00:02:28",0
1807,111,43,"1",0
1817,111,31,"15",1815
1818,111,32,"Walk",1815
1819,111,44,"00:01:07",1815
1820,111,45,"Two People",1815
1821,111,51,"Perpendicular",1815
1826,112,34,"Day",1823
1822,112,52,"00:02:28",0
1827,112,40,"Overcast",1823
1828,112,47,"No",1823
1829,112,48,"No",1823
1830,112,49,"No",1823
1833,112,30,"00:00:08",1832
1834,112,31,"15",1832
1824,112,43,"1",0
1835,112,32,"Walk",1832
1836,112,44,"00:01:06",1832
1837,112,45,"Two People",1832
1838,112,51,"Perpendicular",1832
1843,113,34,"Day",1840
1844,113,40,"Overcast",1840
1846,113,48,"No",1840
1839,113,52,"00:02:47",0
1847,113,49,"No",1840
1850,113,30,"00:00:12",1849
1851,113,31,"15",1849
1852,113,32,"Creep Walk",1849
1853,113,44,"00:01:09",1849
1854,113,45,"One person",1849
1841,113,43,"1",0
1855,113,51,"Perpendicular",1849
1867,114,30,"00:00:12",1866
1868,114,31,"15",1866
3993,236,34,"Day",3991
1870,114,44,"00:01:09",1866
1871,114,45,"One person",1866
1856,114,52,"00:02:47",0
1860,114,34,"Day",1857
1861,114,40,"Overcast",1857
1862,114,47,"No",1857
1863,114,48,"No",1857
1864,114,49,"No",1857
1858,114,43,"1",0
1872,114,51,"Perpendicular",1866
1877,115,34,"Day",1874
1878,115,40,"Overcast",1874
1879,115,47,"No",1874
1880,115,48,"No",1874
1881,115,49,"No",1874
1873,115,52,"00:02:38",0
1875,115,43,"1",0
1890,116,52,"00:02:38",0
1896,116,47,"No",1891
1897,116,48,"No",1891
1898,116,49,"No",1891
1901,116,30,"00:00:03",1900
1884,115,30,"00:00:03",1883
1885,115,31,"15",1883
1886,115,32,"Run",1883
1887,115,44,"00:01:12",1883
1888,115,45,"One person",1883
1889,115,51,"Perpendicular",1883
1894,116,34,"Day",1891
1895,116,40,"Overcast",1891
1892,116,43,"1",0
1902,116,31,"15",1900
1903,116,32,"Run",1900
1904,116,44,"00:01:12",1900
1905,116,45,"One person",1900
1906,116,51,"Perpendicular",1900
1911,117,34,"Day",1908
1912,117,40,"Overcast",1908
1907,117,52,"00:02:24",0
1913,117,47,"No",1908
1914,117,48,"No",1908
1915,117,49,"No",1908
1918,117,30,"00:00:07",1917
1919,117,31,"30",1917
1920,117,32,"Walk",1917
1909,117,43,"1",0
1921,117,44,"00:01:00",1917
1922,117,45,"One person",1917
1923,117,51,"Perpendicular",1917
1928,118,34,"Day",1925
1929,118,40,"Overcast",1925
1930,118,47,"No",1925
1931,118,48,"No",1925
1924,118,52,"00:02:24",0
1932,118,49,"No",1925
1935,118,30,"00:00:05",1934
1936,118,31,"10",1934
1937,118,32,"Walk",1934
1938,118,44,"00:01:02",1934
1939,118,45,"One person",1934
1926,118,43,"1",0
1940,118,51,"Perpendicular",1934
1945,119,34,"Day",1942
1946,119,40,"Overcast",1942
1947,119,47,"No",1942
1948,119,48,"No",1942
1949,119,49,"No",1942
1941,119,52,"00:02:13",0
1943,119,43,"1",0
1958,120,52,"00:02:13",0
1964,120,47,"No",1959
1965,120,48,"No",1959
1966,120,49,"No",1959
1969,120,30,"00:00:03",1968
1952,119,30,"00:00:04",1951
1953,119,31,"30",1951
1954,119,32,"Walk",1951
1956,119,45,"Two People",1951
1957,119,51,"Perpendicular",1951
1962,120,34,"Day",1959
1963,120,40,"Overcast",1959
1960,120,43,"1",0
1970,120,31,"10",1968
1971,120,32,"Walk",1968
1973,120,45,"Two People",1968
1974,120,51,"Perpendicular",1968
1975,121,52,"00:03:07",0
1977,121,43,"1",0
1979,121,34,"Day",1976
1980,121,40,"Overcast",1976
1981,121,47,"No",1976
1982,121,48,"No",1976
1983,121,49,"No",1976
1986,121,30,"00:00:11",1985
1987,121,31,"10",1985
1988,121,32,"Creep Walk",1985
1989,121,44,"00:01:44",1985
1990,121,45,"One person",1985
1991,121,51,"Perpendicular",1985
1996,122,34,"Day",1993
1997,122,40,"Overcast",1993
1998,122,47,"No",1993
1999,122,48,"No",1993
1992,122,52,"00:03:07",0
2000,122,49,"No",1993
2003,122,30,"00:00:24",2002
2004,122,31,"30",2002
2005,122,32,"Creep Walk",2002
2006,122,44,"00:01:32",2002
2007,122,45,"One person",2002
1994,122,43,"1",0
2008,122,51,"Perpendicular",2002
2013,123,34,"Day",2010
2014,123,40,"Overcast",2010
2015,123,47,"No",2010
2016,123,48,"No",2010
2017,123,49,"No",2010
2009,123,52,"00:02:36",0
2011,123,43,"1",0
2026,124,52,"00:02:36",0
2032,124,47,"No",2027
2033,124,48,"No",2027
2034,124,49,"No",2027
2037,124,30,"00:00:05",2036
2020,123,30,"00:00:04",2019
2021,123,31,"15",2019
2022,123,32,"Body Drag",2019
2023,123,44,"00:01:27",2019
2024,123,45,"One person",2019
2025,123,51,"Perpendicular",2019
2030,124,34,"Day",2027
2031,124,40,"Overcast",2027
2028,124,43,"1",0
2038,124,31,"15",2036
2039,124,32,"Body Drag",2036
2040,124,44,"00:01:26",2036
2041,124,45,"One person",2036
2042,124,51,"Perpendicular",2036
2047,125,34,"Day",2044
2048,125,40,"Overcast",2044
2043,125,52,"00:02:19",0
2049,125,47,"No",2044
2050,125,48,"No",2044
2051,125,49,"No",2044
2054,125,30,"00:00:15",2053
2055,125,31,"10",2053
2056,125,32,"Run",2053
2045,125,43,"1",0
2058,125,45,"One person",2053
2059,125,51,"Perpendicular",2053
2064,126,34,"Day",2061
2065,126,40,"Overcast",2061
2066,126,47,"No",2061
2067,126,48,"No",2061
2060,126,52,"00:02:19",0
2068,126,49,"No",2061
2071,126,30,"00:00:16",2070
2072,126,31,"30",2070
2073,126,32,"Run",2070
2075,126,45,"One person",2070
2062,126,43,"1",0
3994,236,40,"Overcast",3991
2081,127,34,"Day",2078
2082,127,40,"Overcast",2078
2083,127,47,"No",2078
2084,127,48,"No",2078
2085,127,49,"No",2078
2077,127,52,"00:02:20",0
2079,127,43,"1",0
2094,128,52,"00:02:20",0
2100,128,47,"No",2095
2101,128,48,"No",2095
2102,128,49,"No",2095
2105,128,30,"00:00:02",2104
2088,127,30,"00:00:03",2087
2089,127,31,"30",2087
2090,127,32,"Crouch Run",2087
2092,127,45,"One person",2087
2093,127,51,"Perpendicular",2087
2098,128,34,"Day",2095
2099,128,40,"Overcast",2095
2096,128,43,"1",0
2106,128,31,"10",2104
2107,128,32,"Crouch Run",2104
2108,128,44,"00:01:00",2104
2109,128,45,"One person",2104
2110,128,51,"Perpendicular",2104
2115,129,34,"Day",2112
2116,129,40,"Overcast",2112
2111,129,52,"00:02:35",0
2117,129,47,"No",2112
2118,129,48,"No",2112
2119,129,49,"No",2112
2122,129,30,"00:00:14",2121
2123,129,31,"15",2121
2124,129,32,"Walk",2121
2113,129,43,"1",0
2125,129,44,"00:01:06",2121
2126,129,45,"One person",2121
2127,129,51,"Diagonal",2121
2132,130,34,"Day",2129
2133,130,40,"Overcast",2129
2134,130,47,"No",2129
2135,130,48,"No",2129
2128,130,52,"00:02:35",0
2136,130,49,"No",2129
2139,130,30,"00:00:10",2138
2140,130,31,"15",2138
2141,130,32,"Walk",2138
2142,130,44,"00:01:10",2138
2143,130,45,"One person",2138
2130,130,43,"1",0
2144,130,51,"Diagonal",2138
2149,131,34,"Day",2146
2150,131,40,"Overcast",2146
2151,131,47,"No",2146
2152,131,48,"No",2146
2153,131,49,"No",2146
2145,131,52,"00:02:10",0
2147,131,43,"1",0
2162,132,52,"00:02:10",0
2168,132,47,"No",2163
2169,132,48,"No",2163
2170,132,49,"No",2163
2175,132,32,"Crouch Walk",2172
2156,131,30,"00:00:07",2155
2157,131,31,"30",2155
2158,131,32,"Crouch Walk",2155
2160,131,45,"One person",2155
2161,131,51,"Diagonal",2155
2166,132,34,"Day",2163
2167,132,40,"Overcast",2163
2164,132,43,"1",0
2177,132,45,"One person",2172
2178,132,51,"Perpendicular",2172
2183,133,34,"Day",2180
2184,133,40,"Overcast",2180
2185,133,47,"No",2180
2186,133,48,"No",2180
2179,133,52,"00:02:43",0
2187,133,49,"No",2180
2190,133,30,"00:00:05",2189
2191,133,31,"30",2189
2192,133,32,"Crawl",2189
2193,133,44,"00:01:06",2189
2181,133,43,"1",0
2213,135,52,"00:02:21",0
2215,135,43,"1",0
2226,135,32,"Crawl",2223
2227,135,44,"00:01:11",2223
2228,135,45,"One person",2223
2229,135,51,"Perpendicular",2223
2234,136,34,"Day",2231
2194,133,45,"One person",2189
2195,133,51,"Perpendicular",2189
2196,134,52,"00:02:43",0
2200,134,34,"Day",2197
2201,134,40,"Overcast",2197
2202,134,47,"No",2197
2203,134,48,"No",2197
2204,134,49,"No",2197
2198,134,43,"1",0
2207,134,30,"00:00:02",2206
2208,134,31,"10",2206
2209,134,32,"Crawl",2206
2210,134,44,"00:01:09",2206
2211,134,45,"One person",2206
2212,134,51,"Perpendicular",2206
2217,135,34,"Day",2214
2218,135,40,"Overcast",2214
2219,135,47,"No",2214
2220,135,48,"No",2214
2221,135,49,"No",2214
2224,135,30,"00:00:02",2223
2225,135,31,"10",2223
2230,136,52,"00:02:21",0
2235,136,40,"Overcast",2231
2236,136,47,"No",2231
2237,136,48,"No",2231
2238,136,49,"No",2231
2241,136,30,"00:00:06",2240
2242,136,31,"30",2240
2232,136,43,"1",0
2243,136,32,"Crawl",2240
2244,136,44,"00:01:07",2240
2245,136,45,"One person",2240
3995,236,47,"No",3991
2251,137,34,"Day",2248
2252,137,40,"Overcast",2248
2253,137,47,"No",2248
2247,137,52,"00:02:18",0
2254,137,48,"No",2248
2255,137,49,"No",2248
2258,137,30,"00:00:06",2257
2259,137,31,"10",2257
2260,137,32,"Log Roll",2257
2249,137,43,"1",0
2262,137,45,"One person",2257
2263,137,51,"Perpendicular",2257
2268,138,34,"Day",2265
2269,138,40,"Overcast",2265
2270,138,47,"No",2265
2271,138,48,"No",2265
2272,138,49,"No",2265
2264,138,52,"00:02:18",0
2275,138,30,"00:00:09",2274
2276,138,31,"30",2274
2277,138,32,"Log Roll",2274
2279,138,45,"One person",2274
2280,138,51,"Perpendicular",2274
2266,138,43,"1",0
2281,139,52,"00:02:29",0
2283,139,43,"1",0
2294,139,32,"Run",2291
2295,139,44,"00:01:00",2291
2296,139,45,"One person",2291
3926,18,55,"Bats",3925
2302,140,34,"Day",2299
2285,139,34,"Day",2282
2286,139,40,"Overcast",2282
2287,139,47,"No",2282
2288,139,48,"No",2282
2289,139,49,"No",2282
2292,139,30,"00:00:07",2291
2293,139,31,"30",2291
2298,140,52,"00:02:29",0
2303,140,40,"Overcast",2299
2304,140,47,"No",2299
2305,140,48,"No",2299
2306,140,49,"No",2299
2309,140,30,"00:00:06",2308
2310,140,31,"10",2308
2300,140,43,"1",0
2311,140,32,"Run",2308
2312,140,44,"00:01:01",2308
2313,140,45,"One person",2308
2314,140,51,"Perpendicular",2308
2319,141,34,"Day",2316
2320,141,40,"Overcast",2316
2321,141,47,"No",2316
2315,141,52,"00:00:36",0
2322,141,48,"No",2316
2323,141,49,"No",2316
2326,141,30,"00:00:09",2325
2327,141,31,"10",2325
2328,141,32,"Walk With Ladder",2325
2317,141,43,"1",0
2330,141,45,"One person",2325
2331,141,51,"Perpendicular",2325
2336,142,34,"Day",2333
2337,142,40,"Overcast",2333
2338,142,47,"No",2333
2339,142,48,"No",2333
2340,142,49,"No",2333
2332,142,52,"00:00:36",0
2343,142,30,"00:00:10",2342
2344,142,31,"30",2342
2345,142,32,"Walk With Ladder",2342
2347,142,45,"One person",2342
2348,142,51,"Perpendicular",2342
2334,142,43,"1",0
2349,143,52,"00:08:52",0
2351,143,43,"1",0
2363,143,32,"Walk",2360
2364,143,44,"00:01:00",2360
2365,143,45,"One person",2360
2366,143,51,"Perpendicular",2360
2371,144,34,"Day",2368
2353,143,34,"Day",2350
2354,143,40,"Some",2350
2356,143,47,"No",2350
2357,143,48,"No",2350
2358,143,49,"No",2350
2361,143,30,"00:06:13",2360
2362,143,31,"15",2360
2367,144,52,"00:08:52",0
2372,144,40,"Some",2368
2373,144,47,"No",2368
2374,144,48,"No",2368
2375,144,49,"No",2368
2378,144,30,"00:06:13",2377
2379,144,31,"15",2377
2369,144,43,"1",0
2380,144,32,"Walk",2377
2381,144,44,"00:01:00",2377
2382,144,45,"One person",2377
2383,144,51,"Perpendicular",2377
2388,145,34,"Day",2385
2389,145,40,"Some",2385
2390,145,47,"No",2385
2384,145,52,"00:03:20",0
2391,145,48,"No",2385
2392,145,49,"No",2385
2395,145,30,"00:00:12",2394
2396,145,31,"15",2394
2397,145,32,"Walk",2394
2398,145,44,"00:01:04",2394
2386,145,43,"1",0
2399,145,45,"Two People",2394
2400,145,51,"Perpendicular",2394
2401,146,52,"00:03:20",0
2403,146,43,"1",0
2414,146,32,"Walk",2411
2415,146,44,"00:01:04",2411
2416,146,45,"Two People",2411
2405,146,34,"Day",2402
2406,146,40,"None",2402
2407,146,47,"No",2402
2408,146,48,"No",2402
2409,146,49,"No",2402
2412,146,30,"00:00:12",2411
2413,146,31,"15",2411
2417,146,51,"Perpendicular",2411
2446,148,30,"00:00:26",2445
2447,148,31,"30",2445
2448,148,32,"Creep Walk",2445
2449,148,44,"00:01:45",2445
2450,148,45,"One person",2445
2451,148,51,"Perpendicular",2445
2456,149,34,"Day",2453
2418,147,52,"00:04:02",0
2422,147,34,"Day",2419
2423,147,40,"Some",2419
2424,147,47,"No",2419
2425,147,48,"No",2419
2426,147,49,"No",2419
2420,147,43,"1",0
2429,147,30,"00:00:11",2428
2430,147,31,"10",2428
2431,147,32,"Creep Walk",2428
2432,147,44,"00:02:00",2428
2433,147,45,"One person",2428
2434,147,51,"Perpendicular",2428
2435,148,52,"00:04:02",0
2439,148,34,"Day",2436
2440,148,40,"Some",2436
2441,148,47,"No",2436
2442,148,48,"No",2436
2443,148,49,"No",2436
2437,148,43,"1",0
2452,149,52,"00:01:54",0
2457,149,40,"Some",2453
2458,149,47,"No",2453
2459,149,48,"No",2453
2460,149,49,"No",2453
2463,149,30,"00:00:15",2462
2464,149,31,"10",2462
2454,149,43,"1",0
2465,149,32,"Run",2462
2467,149,45,"One person",2462
2468,149,51,"Diagonal",2462
2473,150,34,"Day",2470
2474,150,40,"None",2470
2475,150,47,"No",2470
2469,150,52,"00:01:54",0
2476,150,48,"No",2470
2477,150,49,"No",2470
2480,150,30,"00:00:15",2479
2481,150,31,"30",2479
2482,150,32,"Run",2479
2471,150,43,"1",0
2484,150,45,"One person",2479
2485,150,51,"Diagonal",2479
2490,151,34,"Day",2487
2491,151,40,"Some",2487
2492,151,47,"No",2487
2493,151,48,"No",2487
2494,151,49,"No",2487
2486,151,52,"00:04:26",0
2497,151,30,"00:02:01",2496
2498,151,31,"15",2496
2499,151,32,"Run",2496
2500,151,44,"00:01:00",2496
2501,151,45,"One person",2496
2502,151,51,"Perpendicular",2496
2488,151,43,"1",0
2503,152,52,"00:04:26",0
2505,152,43,"1",0
2516,152,32,"Run",2513
2517,152,44,"00:01:00",2513
2518,152,45,"One person",2513
2519,152,51,"Perpendicular",2513
2524,153,34,"Day",2521
2507,152,34,"Day",2504
2508,152,40,"Some",2504
2509,152,47,"No",2504
2510,152,48,"No",2504
2511,152,49,"No",2504
2514,152,30,"00:02:01",2513
2515,152,31,"15",2513
2520,153,52,"00:03:01",0
2525,153,40,"Some",2521
2526,153,47,"No",2521
2527,153,48,"No",2521
2528,153,49,"No",2521
2531,153,30,"00:00:13",2530
2532,153,31,"30",2530
2522,153,43,"1",0
2533,153,32,"Crouch Run",2530
2534,153,44,"00:01:05",2530
2535,153,45,"One person",2530
2536,153,51,"Perpendicular",2530
2541,154,34,"Day",2538
2542,154,40,"None",2538
2543,154,47,"No",2538
2537,154,52,"00:03:01",0
2544,154,48,"No",2538
2545,154,49,"No",2538
2548,154,30,"00:00:13",2547
2549,154,31,"10",2547
2550,154,32,"Crouch Run",2547
2551,154,44,"00:01:05",2547
2539,154,43,"1",0
2552,154,45,"One person",2547
2553,154,51,"Perpendicular",2547
2558,155,34,"Day",2555
2559,155,40,"Some",2555
2560,155,48,"No",2555
2561,155,49,"No",2555
2554,155,52,"00:02:16",0
2556,155,43,"1",0
2570,156,52,"00:02:16",0
2576,156,47,"No",2571
2577,156,48,"No",2571
2578,156,49,"No",2571
2581,156,30,"00:00:09",2580
2564,155,30,"00:00:09",2563
2565,155,31,"30",2563
2566,155,32,"Walk",2563
2567,155,44,"00:01:05",2563
2568,155,45,"One person",2563
2569,155,51,"Diagonal",2563
2574,156,34,"Day",2571
2575,156,40,"Some",2571
2572,156,43,"1",0
2582,156,31,"10",2580
2583,156,32,"Walk",2580
2584,156,44,"00:01:05",2580
2585,156,45,"One person",2580
2586,156,51,"Diagonal",2580
2591,157,34,"Day",2588
2592,157,40,"Some",2588
2587,157,52,"00:02:26",0
2593,157,47,"No",2588
2594,157,48,"No",2588
2595,157,49,"No",2588
2598,157,30,"00:00:05",2597
2599,157,31,"30",2597
2600,157,32,"Run",2597
2589,157,43,"1",0
2602,157,45,"One person",2597
2603,157,51,"Perpendicular",2597
2608,158,34,"Day",2605
2609,158,40,"Some",2605
2610,158,47,"No",2605
2604,158,52,"00:02:26",0
2623,159,43,"1",0
2638,160,52,"00:02:43",0
2643,160,40,"Some",2639
2644,160,47,"No",2639
2645,160,48,"No",2639
2646,160,49,"No",2639
2611,158,48,"No",2605
2612,158,49,"No",2605
2606,158,43,"1",0
2615,158,30,"00:00:05",2614
2616,158,31,"10",2614
2617,158,32,"Run",2614
2619,158,45,"One person",2614
2620,158,51,"Perpendicular",2614
2621,159,52,"00:02:43",0
2625,159,34,"Day",2622
2626,159,40,"Some",2622
2627,159,47,"No",2622
2628,159,48,"No",2622
2629,159,49,"No",2622
2624,159,24,,0
2632,159,30,"00:00:09",2631
2633,159,31,"30",2631
2634,159,32,"Walk",2631
2635,159,44,"00:01:06",2631
2636,159,45,"One person",2631
2637,159,51,"Perpendicular",2631
2642,160,34,"Day",2639
2649,160,30,"00:00:08",2648
2650,160,31,"10",2648
2651,160,32,"Walk",2648
2652,160,44,"00:01:07",2648
2653,160,45,"One person",2648
2654,160,51,"Perpendicular",2648
2663,161,34,"Day",2660
2640,160,43,"1",0
2659,161,52,"00:02:57",0
2664,161,40,"Some",2660
2665,161,47,"No",2660
2666,161,48,"No",2660
2667,161,49,"No",2660
2670,161,30,"00:00:19",2669
2661,161,43,"1",0
2671,161,31,"30",2669
2672,161,32,"Walk",2669
2674,161,45,"Two People",2669
2675,161,51,"Perpendicular",2669
2680,162,34,"Day",2677
2681,162,40,"Some",2677
2676,162,52,"00:02:57",0
2682,162,47,"No",2677
2683,162,48,"No",2677
2684,162,49,"No",2677
2687,162,30,"00:00:17",2686
2688,162,31,"10",2686
2689,162,32,"Walk",2686
2678,162,43,"1",0
3996,236,48,"Yes",3991
2692,162,51,"Perpendicular",2686
2697,163,34,"Day",2694
2698,163,40,"Some",2694
2699,163,47,"No",2694
2700,163,48,"No",2694
2693,163,52,"00:04:26",0
2701,163,49,"No",2694
2704,163,30,"00:00:22",2703
2705,163,31,"30",2703
2706,163,32,"Creep Walk",2703
2707,163,44,"00:02:00",2703
2708,163,45,"One person",2703
2695,163,43,"1",0
2709,163,51,"Perpendicular",2703
2718,164,34,"Day",2711
2719,164,40,"Some",2711
2720,164,47,"No",2711
2721,164,48,"No",2711
2722,164,49,"No",2711
2710,164,52,"00:04:26",0
2712,164,43,"1",0
2731,165,52,"00:02:57",0
2737,165,47,"No",2732
2738,165,48,"No",2732
2739,165,49,"No",2732
2725,164,30,"00:00:13",2724
2726,164,31,"10",2724
2727,164,32,"Creep Walk",2724
2728,164,44,"00:02:09",2724
2729,164,45,"One person",2724
2730,164,51,"Perpendicular",2724
2735,165,34,"Day",2732
2736,165,40,"Some",2732
2742,165,30,"00:00:10",2741
2743,165,31,"30",2741
2744,165,32,"Crouch Walk",2741
2745,165,44,"00:01:02",2741
2746,165,45,"One person",2741
2747,165,51,"Diagonal",2741
2752,166,34,"Day",2749
2733,165,43,"1",0
2748,166,52,"00:02:57",0
2753,166,40,"Some",2749
2754,166,47,"No",2749
2755,166,48,"No",2749
2756,166,49,"No",2749
2750,166,43,"1",0
2759,166,30,"00:00:10",2758
2760,166,31,"10",2758
2761,166,32,"Crouch Walk",2758
2762,166,44,"00:01:02",2758
2763,166,45,"One person",2758
2764,166,51,"Diagonal",2758
2769,167,34,"Day",2766
2765,167,52,"00:03:27",0
2770,167,40,"Some",2766
2771,167,47,"No",2766
2772,167,48,"No",2766
2773,167,49,"No",2766
2776,167,30,"00:00:16",2775
2777,167,31,"15",2775
2767,167,43,"1",0
2778,167,32,"Crawl",2775
2779,167,44,"00:01:06",2775
2780,167,45,"One person",2775
2781,167,51,"Perpendicular",2775
2786,168,34,"Day",2783
2787,168,40,"Some",2783
2788,168,47,"No",2783
2782,168,52,"00:03:27",0
2789,168,48,"No",2783
2790,168,49,"No",2783
2793,168,30,"00:00:16",2792
2794,168,31,"15",2792
2795,168,32,"Crawl",2792
2796,168,44,"00:01:06",2792
2784,168,43,"1",0
2797,168,45,"One person",2792
2798,168,51,"Perpendicular",2792
2803,169,34,"Day",2800
2804,169,40,"Some",2800
2805,169,47,"No",2800
2806,169,48,"No",2800
2807,169,49,"No",2800
2799,169,52,"00:03:23",0
2810,169,30,"00:00:15",2809
2811,169,31,"10",2809
2812,169,32,"Body Drag",2809
2813,169,44,"00:01:18",2809
2814,169,45,"One person",2809
2815,169,51,"Perpendicular",2809
2801,169,43,"1",0
2816,170,52,"00:03:23",0
2818,170,43,"1",0
2829,170,32,"Body Drag",2826
2830,170,44,"00:01:15",2826
2831,170,45,"One person",2826
2832,170,51,"Perpendicular",2826
2837,171,34,"Day",2834
2820,170,34,"Day",2817
2821,170,40,"Some",2817
2822,170,47,"No",2817
2823,170,48,"No",2817
2824,170,49,"No",2817
2827,170,30,"00:00:18",2826
2828,170,31,"30",2826
2833,171,52,"00:03:52",0
2838,171,40,"Some",2834
2839,171,47,"No",2834
2840,171,48,"No",2834
2841,171,49,"No",2834
2844,171,30,"00:00:09",2843
2845,171,31,"10",2843
2835,171,43,"1",0
2846,171,32,"Run",2843
2847,171,44,"00:01:05",2843
2848,171,45,"One person",2843
2849,171,51,"Perpendicular",2843
2854,172,34,"Day",2851
2855,172,40,"Some",2851
2856,172,47,"No",2851
2850,172,52,"00:03:52",0
2857,172,48,"No",2851
2858,172,49,"No",2851
2861,172,30,"00:00:09",2860
2862,172,31,"30",2860
2863,172,32,"Run",2860
2864,172,44,"00:01:05",2860
2852,172,43,"1",0
2865,172,45,"One person",2860
2866,172,51,"Perpendicular",2860
2871,173,34,"Day",2868
2872,173,40,"Some",2868
2873,173,47,"No",2868
2874,173,48,"No",2868
2875,173,49,"No",2868
2867,173,52,"00:02:34",0
2878,173,30,"00:00:06",2877
2879,173,31,"10",2877
2880,173,32,"Crouch Run",2877
2882,173,45,"One person",2877
2883,173,51,"Perpendicular",2877
2869,173,43,"1",0
2884,174,52,"00:02:34",0
2886,174,43,"1",0
2897,174,32,"Crouch Run",2894
2899,174,45,"One person",2894
2900,174,51,"Perpendicular",2894
2922,176,34,"Day",2919
2888,174,34,"Day",2885
2889,174,40,"None",2885
2890,174,47,"No",2885
2891,174,48,"No",2885
2892,174,49,"No",2885
2895,174,30,"00:00:06",2894
2896,174,31,"30",2894
2901,175,52,"00:00:49",0
2905,175,34,"Day",2902
2906,175,40,"None",2902
2907,175,47,"No",2902
2908,175,48,"No",2902
2909,175,49,"No",2902
2903,175,43,"1",0
2912,175,30,"00:00:12",2911
2913,175,31,"10",2911
2914,175,32,"Walk With Ladder",2911
2916,175,45,"One person",2911
2917,175,51,"Perpendicular",2911
2918,176,52,"00:00:44",0
2923,176,40,"None",2919
2924,176,47,"No",2919
2925,176,48,"No",2919
2926,176,49,"No",2919
2929,176,30,"00:00:13",2928
2930,176,31,"30",2928
2920,176,43,"1",0
2935,177,52,"00:08:32",0
2943,177,49,"No",2936
2946,177,30,"00:05:14",2945
2947,177,31,"30",2945
2948,177,32,"Creep Walk",2945
2949,177,44,"00:01:25",2945
2931,176,32,"Walk With Ladder",2928
2933,176,45,"One person",2928
2934,176,51,"Perpendicular",2928
2939,177,34,"Dusk",2936
2940,177,40,"Overcast",2936
2941,177,47,"No",2936
2942,177,48,"No",2936
2937,177,43,"1",0
2950,177,45,"One person",2945
2951,177,51,"Perpendicular",2945
2956,178,34,"Dusk",2953
2957,178,40,"Overcast",2953
2958,178,47,"No",2953
2959,178,48,"No",2953
2960,178,49,"No",2953
2952,178,52,"00:08:32",0
2963,178,30,"00:05:06",2962
2964,178,31,"10",2962
2965,178,32,"Creep Walk",2962
2966,178,44,"00:01:33",2962
2967,178,45,"One person",2962
2968,178,51,"Perpendicular",2962
2954,178,43,"1",0
2969,179,52,"00:02:52",0
2971,179,43,"1",0
2982,179,32,"Body Drag",2979
2983,179,44,"00:01:10",2979
2984,179,45,"One person",2979
2985,179,51,"Perpendicular",2979
2973,179,34,"Dusk",2970
2974,179,40,"Overcast",2970
2975,179,47,"No",2970
2976,179,48,"No",2970
2977,179,49,"No",2970
2980,179,30,"00:00:17",2979
2981,179,31,"15",2979
2986,180,52,"00:02:52",0
2990,180,34,"Dusk",2987
2991,180,40,"Overcast",2987
2992,180,47,"No",2987
2993,180,48,"No",2987
2994,180,49,"No",2987
2997,180,30,"00:00:17",2996
2988,180,43,"1",0
2998,180,31,"15",2996
2999,180,32,"Body Drag",2996
3000,180,44,"00:01:10",2996
3001,180,45,"One person",2996
3002,180,51,"Perpendicular",2996
3007,181,34,"Dusk",3004
3008,181,40,"Overcast",3004
3003,181,52,"00:02:13",0
3009,181,47,"No",3004
3010,181,48,"No",3004
3011,181,49,"No",3004
3014,181,30,"00:00:04",3013
3015,181,31,"30",3013
3016,181,32,"Run",3013
3005,181,43,"1",0
3017,181,44,"00:01:00",3013
3018,181,45,"One person",3013
3019,181,51,"Diagonal",3013
3024,182,34,"Dusk",3021
3025,182,40,"None",3021
3020,182,52,"00:02:13",0
3026,182,47,"No",3021
3027,182,48,"No",3021
3028,182,49,"No",3021
3031,182,30,"00:00:03",3030
3032,182,31,"10",3030
3033,182,32,"Run",3030
3022,182,43,"1",0
3034,182,44,"00:01:01",3030
3035,182,45,"One person",3030
3036,182,51,"Diagonal",3030
3041,183,34,"Dusk",3038
3042,183,40,"Overcast",3038
3043,183,47,"No",3038
3044,183,48,"No",3038
3037,183,52,"00:02:15",0
3045,183,49,"No",3038
3048,183,30,"00:00:07",3047
3049,183,31,"15",3047
3050,183,32,"Run",3047
3051,183,44,"00:01:00",3047
3052,183,45,"One person",3047
3039,183,43,"1",0
3053,183,51,"Perpendicular",3047
3058,184,34,"Dusk",3055
3059,184,40,"Overcast",3055
3060,184,47,"No",3055
3061,184,48,"No",3055
3062,184,49,"No",3055
3054,184,52,"00:02:15",0
3056,184,43,"1",0
3071,185,52,"00:02:02",0
3077,185,47,"No",3072
3078,185,48,"No",3072
3079,185,49,"No",3072
3082,185,30,"00:00:09",3081
3065,184,30,"00:00:07",3064
3066,184,31,"15",3064
3067,184,32,"Run",3064
3068,184,44,"00:01:00",3064
3069,184,45,"One person",3064
3070,184,51,"Perpendicular",3064
3075,185,34,"Dusk",3072
3076,185,40,"Overcast",3072
3073,185,43,"1",0
3083,185,31,"10",3081
3084,185,32,"Walk",3081
3086,185,45,"One person",3081
3087,185,51,"Diagonal",3081
3092,186,34,"Dusk",3089
3093,186,40,"Overcast",3089
3088,186,52,"00:02:02",0
3094,186,47,"No",3089
3095,186,48,"No",3089
3096,186,49,"No",3089
3099,186,30,"00:00:10",3098
3100,186,31,"30",3098
3101,186,32,"Walk",3098
3090,186,43,"1",0
3103,186,45,"One person",3098
3104,186,51,"Diagonal",3098
3109,187,34,"Dusk",3106
3110,187,40,"Overcast",3106
3111,187,47,"No",3106
3112,187,48,"No",3106
3105,187,52,"00:03:50",0
3113,187,49,"No",3106
3116,187,30,"00:00:46",3115
3117,187,31,"10",3115
3118,187,32,"Walk",3115
3119,187,44,"00:01:05",3115
3120,187,45,"One person",3115
3107,187,43,"1",0
3121,187,51,"Perpendicular",3115
3122,188,52,"00:03:50",0
3124,188,43,"1",0
3135,188,32,"Walk",3132
3136,188,44,"00:01:03",3132
3137,188,45,"One person",3132
3138,188,51,"Perpendicular",3132
3309,199,52,"00:02:58",0
3313,199,34,"Dusk",3310
3314,199,40,"Overcast",3310
3315,199,47,"No",3310
3316,199,48,"No",3310
3317,199,49,"No",3310
3126,188,34,"Dusk",3123
3127,188,40,"Overcast",3123
3128,188,47,"No",3123
3129,188,48,"No",3123
3130,188,49,"No",3123
3133,188,30,"00:00:48",3132
3134,188,31,"30",3132
3139,189,52,"00:02:58",0
3141,189,43,"1",0
3152,189,32,"Walk",3149
3153,189,44,"00:01:05",3149
3358,201,45,"Two People",3353
3155,189,51,"Perpendicular",3149
3160,190,34,"Dusk",3157
3161,190,40,"Overcast",3157
3143,189,34,"Dusk",3140
3144,189,40,"Overcast",3140
3145,189,47,"No",3140
3146,189,48,"No",3140
3147,189,49,"No",3140
3150,189,30,"00:00:10",3149
3151,189,31,"10",3149
3156,190,52,"00:02:58",0
3162,190,47,"No",3157
3163,190,48,"No",3157
3164,190,49,"No",3157
3167,190,30,"00:00:11",3166
3168,190,31,"30",3166
3169,190,32,"Walk",3166
3158,190,43,"1",0
3170,190,44,"00:01:04",3166
3171,190,45,"Two People",3166
3172,190,51,"Perpendicular",3166
3173,191,52,"00:03:11",0
3175,191,43,"1",0
3185,191,31,"15",3183
3186,191,32,"Creep Walk",3183
3154,189,45,"Two People",3149
3177,191,34,"Dusk",3174
3178,191,40,"Overcast",3174
3179,191,47,"No",3174
3180,191,48,"No",3174
3181,191,49,"No",3174
3184,191,30,"00:00:18",3183
3187,191,44,"00:01:41",3183
3188,191,45,"One person",3183
3189,191,51,"Perpendicular",3183
3194,192,34,"Dusk",3191
3195,192,40,"Overcast",3191
3196,192,47,"No",3191
3197,192,48,"No",3191
3198,192,49,"No",3191
3190,192,52,"00:03:11",0
3201,192,30,"00:00:19",3200
3202,192,31,"15",3200
3203,192,32,"Creep Walk",3200
3204,192,44,"00:01:40",3200
3205,192,45,"One person",3200
3206,192,51,"Perpendicular",3200
3192,192,43,"1",0
3207,193,52,"00:03:58",0
3209,193,43,"1",0
3220,193,32,"Creep Walk",3217
3221,193,44,"00:01:47",3217
3222,193,45,"One person",3217
3223,193,51,"Perpendicular",3217
3228,194,34,"Dusk",3225
3211,193,34,"Dusk",3208
3212,193,40,"Overcast",3208
3213,193,47,"No",3208
3214,193,48,"No",3208
3215,193,49,"No",3208
3218,193,30,"00:00:29",3217
3219,193,31,"10",3217
3224,194,52,"00:03:58",0
3229,194,40,"Overcast",3225
3230,194,47,"No",3225
3231,194,48,"No",3225
3232,194,49,"No",3225
3235,194,30,"00:00:37",3234
3236,194,31,"30",3234
3226,194,43,"1",0
3237,194,32,"Creep Walk",3234
3238,194,44,"00:01:39",3234
3239,194,45,"One person",3234
3240,194,51,"Perpendicular",3234
3245,195,34,"Dusk",3242
3246,195,40,"Overcast",3242
3247,195,47,"No",3242
3241,195,52,"00:03:01",0
3248,195,48,"No",3242
3249,195,49,"No",3242
3252,195,30,"00:00:11",3251
3253,195,31,"30",3251
3254,195,32,"Crouch Run",3251
3255,195,44,"00:01:04",3251
3243,195,43,"1",0
3256,195,45,"One person",3251
3257,195,51,"Perpendicular",3251
3262,196,34,"Dusk",3259
3263,196,40,"Overcast",3259
3265,196,48,"No",3259
3264,196,47,"No",3259
3266,196,49,"No",3259
3258,196,52,"00:03:01",0
3269,196,30,"00:00:10",3268
3270,196,31,"10",3268
3271,196,32,"Crouch Run",3268
3272,196,44,"00:01:05",3268
3273,196,45,"One person",3268
3274,196,51,"Perpendicular",3268
3260,196,43,"1",0
3275,197,52,"00:02:51",0
3277,197,43,"1",0
3288,197,32,"Crouch Run",3285
3289,197,44,"00:01:09",3285
3290,197,45,"One person",3285
3291,197,51,"Perpendicular",3285
3296,198,34,"Dusk",3293
3279,197,34,"Dusk",3276
3280,197,40,"Overcast",3276
3281,197,47,"No",3276
3282,197,48,"No",3276
3283,197,49,"No",3276
3286,197,30,"00:00:06",3285
3287,197,31,"10",3285
3292,198,52,"00:02:51",0
3297,198,40,"Overcast",3293
3298,198,47,"No",3293
3299,198,48,"No",3293
3300,198,49,"No",3293
3303,198,30,"00:00:06",3302
3304,198,31,"30",3302
3294,198,43,"1",0
3305,198,32,"Crouch Run",3302
3306,198,44,"00:01:09",3302
3307,198,45,"One person",3302
3308,198,51,"Perpendicular",3302
3311,199,43,"1",0
3326,200,52,"00:02:58",0
3331,200,40,"Overcast",3327
3320,199,30,"00:00:08",3319
3321,199,31,"30",3319
3322,199,32,"Walk",3319
3323,199,44,"00:01:02",3319
3324,199,45,"One person",3319
3325,199,51,"Perpendicular",3319
3330,200,34,"Dusk",3327
3332,200,47,"No",3327
3333,200,48,"No",3327
3334,200,49,"No",3327
3337,200,30,"00:00:07",3336
3338,200,31,"10",3336
3339,200,32,"Walk",3336
3340,200,44,"00:01:03",3336
3328,200,43,"1",0
3341,200,45,"One person",3336
3342,200,51,"Perpendicular",3336
3347,201,34,"Dusk",3344
3348,201,40,"Overcast",3344
3349,201,47,"No",3344
3350,201,48,"No",3344
3351,201,49,"No",3344
3343,201,52,"00:02:37",0
3354,201,30,"00:00:28",3353
3355,201,31,"30",3353
3356,201,32,"Walk",3353
3359,201,51,"Perpendicular",3353
3345,201,43,"1",0
3360,202,52,"00:02:37",0
3362,202,43,"1",0
3373,202,32,"Walk",3370
3375,202,45,"Two People",3370
3376,202,51,"Perpendicular",3370
3377,203,52,"00:02:41",0
3364,202,34,"Dusk",3361
3365,202,40,"Overcast",3361
3366,202,47,"No",3361
3367,202,48,"No",3361
3368,202,49,"No",3361
3371,202,30,"00:00:27",3370
3372,202,31,"10",3370
3381,203,34,"Dusk",3378
3382,203,40,"Overcast",3378
3383,203,47,"No",3378
3384,203,48,"No",3378
3385,203,49,"No",3378
3388,203,30,"00:00:13",3387
3389,203,31,"30",3387
3379,203,43,"1",0
3390,203,32,"Crawl",3387
3391,203,44,"00:01:02",3387
3392,203,45,"One person",3387
3393,203,51,"Perpendicular",3387
3398,204,34,"Dusk",3395
3399,204,40,"Overcast",3395
3400,204,47,"No",3395
3394,204,52,"00:02:41",0
3401,204,48,"No",3395
3402,204,49,"No",3395
3405,204,30,"00:00:09",3404
3406,204,31,"10",3404
3407,204,32,"Crawl",3404
3408,204,44,"00:01:06",3404
3396,204,43,"1",0
3409,204,45,"One person",3404
3410,204,51,"Perpendicular",3404
3415,205,34,"Dusk",3412
3416,205,40,"Overcast",3412
3417,205,47,"No",3412
3418,205,48,"No",3412
3419,205,49,"No",3412
3411,205,52,"00:02:06",0
3422,205,30,"00:00:25",3421
3423,205,31,"15",3421
3424,205,32,"Walk With Ladder",3421
3426,205,45,"One person",3421
3427,205,51,"Perpendicular",3421
3413,205,43,"1",0
3428,206,52,"00:02:06",0
3430,206,43,"1",0
3441,206,32,"Walk With Ladder",3438
3443,206,45,"One person",3438
3444,206,51,"Perpendicular",3438
3445,207,52,"00:45:00",0
3432,206,34,"Dusk",3429
3433,206,40,"Overcast",3429
3434,206,47,"No",3429
3435,206,48,"No",3429
3436,206,49,"No",3429
3439,206,30,"00:00:24",3438
3440,206,31,"15",3438
3450,207,34,"Day",3446
3451,207,40,"Some",3446
3452,207,47,"No",3446
3453,207,48,"No",3446
3454,207,49,"No",3446
3456,208,52,"00:30:00",0
3997,236,49,"No",3991
3447,207,43,"0",0
3461,208,34,"Day",3457
3462,208,40,"Overcast",3457
3463,208,47,"No",3457
3464,208,48,"No",3457
3465,208,49,"No",3457
3458,208,43,"0",0
3467,209,52,"00:45:00",0
3469,209,43,"0",0
3480,210,52,"00:30:00",0
3487,210,47,"Yes",3481
3488,210,48,"No",3481
3489,210,49,"No",3481
3472,209,34,"Day",3468
3473,209,40,"Some",3468
3476,209,47,"No",3468
3477,209,48,"No",3468
3478,209,49,"No",3468
3485,210,34,"Day",3481
3486,210,40,"Overcast",3481
3491,211,52,"00:15:00",0
3493,211,43,"0",0
275,17,44,"00:00:47",271
3508,212,34,"Dawn",3504
3509,212,40,"Overcast",3504
3482,210,43,"0",0
3496,211,34,"Day",3492
3497,211,40,"Overcast",3492
3498,211,47,"No",3492
3499,211,48,"No",3492
3500,211,49,"No",3492
3628,222,34,"Day",3624
3629,222,40,"Overcast",3624
3630,222,47,"No",3624
3631,222,48,"Yes",3624
3632,222,49,"No",3624
3510,212,47,"No",3504
3511,212,48,"No",3504
3512,212,49,"No",3504
3515,213,52,"00:15:00",0
3526,214,52,"00:30:00",0
3528,214,43,"0",0
3505,212,43,"0",0
4001,5,57,"Fence Attack",79
4003,9,57,"Fence Attack",143
3520,213,34,"Day",3516
3521,213,40,"None",3516
3522,213,47,"No",3516
3523,213,48,"No",3516
3524,213,49,"No",3516
3517,213,43,"0",0
4002,7,57,"Fence Attack",111
3531,214,34,"Day",3527
3532,214,40,"None",3527
3533,214,47,"No",3527
3534,214,48,"No",3527
3535,214,49,"No",3527
3537,215,52,"00:30:00",0
3539,215,43,"0",0
4005,12,57,"Fence Attack",191
3548,216,52,"00:30:00",0
3555,216,47,"No",3549
3556,216,48,"No",3549
3557,216,49,"No",3549
3542,215,34,"Dusk",3538
3543,215,40,"None",3538
3544,215,47,"No",3538
3545,215,48,"No",3538
3546,215,49,"No",3538
3553,216,34,"Dusk",3549
3554,216,40,"None",3549
3550,216,43,"0",0
4006,13,57,"Fence Attack",207
3559,217,52,"00:30:00",0
3561,217,43,"0",0
4008,17,57,"Fence Attack",271
3570,218,52,"00:30:00",0
3577,218,47,"No",3571
3578,218,48,"No",3571
3564,217,34,"Dawn",3560
3565,217,40,"None",3560
3566,217,47,"No",3560
3567,217,48,"No",3560
3568,217,49,"Yes",3560
3575,218,34,"Dawn",3571
3576,218,40,"None",3571
4007,15,57,"Fence Attack",239
3581,219,52,"00:40:00",0
3583,219,43,"0",0
3592,220,52,"00:40:00",0
3594,220,43,"0",0
3608,221,34,"Day",3604
3609,221,40,"Overcast",3604
3572,218,43,"0",0
4009,19,57,"Fence Attack",303
3586,219,34,"Night",3582
3588,219,47,"No",3582
3589,219,48,"No",3582
3590,219,49,"No",3582
3641,223,52,"00:02:29",0
3646,223,34,"Day",3642
3647,223,40,"Overcast",3642
3648,223,47,"No",3642
3649,223,48,"Yes",3642
3650,223,49,"No",3642
3597,220,34,"Night",3593
3599,220,47,"No",3593
3600,220,48,"No",3593
3601,220,49,"No",3593
3612,221,47,"No",3604
3613,221,48,"Yes",3604
3643,223,43,"1",0
3653,223,30,"00:00:39",3652
3654,223,31,"10",3652
3655,223,32,"Run",3652
3614,221,49,"No",3604
3603,221,52,"00:10:31",0
3617,221,30,"00:09:03",3616
3618,221,31,"30",3616
3619,221,32,"Creep Walk",3616
3620,221,44,"00:01:06",3616
3621,221,45,"One person",3616
3606,221,24,,0
3605,221,43,"1",0
3622,221,51,"Perpendicular",3616
3636,222,31,"15",3634
3637,222,32,"Crawl",3634
3635,222,30,"00:01:10",3634
3638,222,44,"00:01:15",3634
3623,222,52,"00:03:26",0
3625,222,43,"1",0
3639,222,45,"One person",3634
3640,222,51,"Perpendicular",3634
3657,223,45,"One person",3652
3658,223,51,"Diagonal",3652
3664,224,34,"Day",3660
3665,224,40,"Overcast",3660
3659,224,52,"00:03:49",0
3666,224,47,"No",3660
3667,224,48,"Yes",3660
3668,224,49,"No",3660
3671,224,30,"00:00:47",3670
3672,224,31,"10",3670
3673,224,32,"Walk",3670
3661,224,43,"1",0
3675,224,45,"One person",3670
3676,224,51,"Perpendicular",3670
3682,225,34,"Day",3678
3683,225,40,"Overcast",3678
3684,225,47,"No",3678
3685,225,48,"Yes",3678
3677,225,52,"00:02:08",0
3686,225,49,"No",3678
3689,225,30,"00:00:10",3688
3690,225,31,"30",3688
3691,225,32,"Crouch Walk",3688
3693,225,45,"One person",3688
3679,225,43,"1",0
3694,225,51,"Perpendicular",3688
3700,226,34,"Day",3696
3701,226,40,"Overcast",3696
3702,226,47,"No",3696
3703,226,48,"Yes",3696
3704,226,49,"No",3696
3695,226,52,"00:02:35",0
3697,226,43,"1",0
3713,227,52,"00:02:40",0
3720,227,47,"No",3714
3721,227,48,"Yes",3714
3722,227,49,"No",3714
3725,227,30,"00:00:19",3724
3707,226,30,"00:00:19",3706
3708,226,31,"30",3706
3709,226,32,"Crawl",3706
3710,226,44,"00:01:02",3706
3711,226,45,"One person",3706
3712,226,51,"Perpendicular",3706
3718,227,34,"Day",3714
3719,227,40,"Overcast",3714
3715,227,43,"1",0
3726,227,31,"10",3724
3727,227,32,"Run",3724
3729,227,45,"One person",3724
3730,227,51,"Perpendicular",3724
3736,228,34,"Day",3732
3737,228,40,"Overcast",3732
3731,228,52,"00:02:02",0
3738,228,47,"No",3732
3739,228,48,"Yes",3732
3740,228,49,"No",3732
3743,228,30,"00:00:22",3742
3744,228,31,"15",3742
3745,228,32,"Crouch Run",3742
3733,228,43,"1",0
3746,228,44,"00:01:06",3742
3747,228,45,"One person",3742
3748,228,51,"Perpendicular",3742
3754,229,34,"Day",3750
3755,229,40,"Overcast",3750
3756,229,47,"No",3750
3757,229,48,"Yes",3750
3749,229,52,"00:01:44",0
3758,229,49,"No",3750
3761,229,30,"00:01:22",3760
3762,229,31,"15",3760
3763,229,32,"Walk With Ladder",3760
3765,229,45,"One person",3760
3751,229,43,"1",0
3766,229,51,"Perpendicular",3760
3767,230,52,"00:15:00",0
3769,230,43,"0",0
3778,231,52,"00:30:00",0
3786,231,48,"No",3779
3787,231,49,"No",3779
3789,232,52,"00:17:50",0
3783,231,34,"Day",3779
3774,230,47,"No",3768
3775,230,48,"No",3768
3776,230,49,"No",3768
3772,230,34,"Night",3768
3784,231,40,"Overcast",3779
3780,231,43,"0",0
4010,21,57,"Fence Attack",335
3794,232,34,"Night",3790
3796,232,47,"No",3790
3797,232,48,"No",3790
3798,232,49,"No",3790
3791,232,43,"0",0
3800,233,52,"00:30:00",0
3805,233,34,"Day",3801
3806,233,40,"Overcast",3801
3807,233,47,"No",3801
3808,233,48,"Yes",3801
3809,233,49,"No",3801
3802,233,43,"0",0
3811,234,52,"00:15:00",0
3813,234,43,"0",0
3816,234,34,"Dusk",3812
3817,234,40,"Overcast",3812
3818,234,47,"No",3812
3819,234,48,"No",3812
3820,234,49,"No",3812
3824,1,55,"Bats",3823
3854,35,55,"Flickering Light",3852
3887,6,56,,0
82,5,32,"Creep Walk",79
3826,12,55,"Flickering Light",3825
3828,15,55,"Bats",3827
3830,17,55,"Bats",3829
3889,8,56,,0
3833,17,55,"Flickering Light",3829
3829,17,56,,0
3827,15,56,,0
3825,12,56,,0
3823,1,56,,0
3835,19,55,"Bats",3834
3836,19,55,"Flickering Light",3834
3838,21,55,"Bats",3837
3837,21,56,,0
3834,19,56,,0
3840,23,55,"Bats",3839
3839,23,56,,0
404,25,45,"Two People",399
3841,25,56,,0
3842,25,55,"Bats",3841
3843,27,56,,0
3844,27,55,"Bats",3843
3845,27,55,"Flickering Light",3843
3846,29,56,,0
3847,29,55,"Bats",3846
3848,31,56,,0
3849,31,55,"Bats",3848
3850,33,56,,0
3851,33,55,"Bats",3850
3852,35,56,,0
3853,35,55,"Bats",3852
3855,37,56,,0
3858,39,56,,0
626,39,32,"Crouch Run",623
3861,41,55,"Bats",3860
3863,43,55,"Bats",3862
3864,45,56,,0
3865,45,55,"Bats",3864
3866,45,55,"Flickering Light",3864
3856,37,55,"Bats",3855
3857,37,55,"Flickering Light",3855
3859,39,55,"Bats",3858
658,41,32,"Crouch Run",655
3862,43,56,,0
3860,41,56,,0
3867,47,56,,0
3869,49,56,,0
3868,47,55,"Flickering Light",3867
3870,49,55,"Bats",3869
845,53,49,"Yes",839
3872,53,55,"Bats",3871
3874,55,55,"Bats",3873
3876,57,55,"Bats",3875
3878,59,55,"Bats",3877
3880,61,55,"Bats",3879
813,51,49,"Yes",807
3871,53,56,,0
3873,55,56,,0
3875,57,56,,0
3877,59,56,,0
3879,61,56,,0
3888,6,55,"Bats",3887
3890,8,55,"Bats",3889
3891,10,56,,0
3893,11,56,,0
3895,14,56,,0
1583,97,51,"Perpendicular",1577
3897,147,56,,0
3899,157,56,,0
3901,199,56,,0
3904,205,56,,0
3892,10,55,"Bats",3891
3894,11,55,"Bats",3893
3896,14,55,"Bats",3895
2297,139,51,"Perpendicular",2291
3898,147,55,"Insects",3897
3900,157,55,"Insects",3899
3902,199,55,"Bats",3901
3903,199,55,"Camera switch from Colour to Monochrome",3901
3905,205,55,"Bats",3904
3907,77,55,"Camera switch from Monochrome to Colour",3906
3910,235,34,"Day",3909
3916,235,43,"1",0
3920,235,31,"10",3918
3921,235,32,"Walk",3918
3923,235,45,"Two People",3918
3906,77,56,,0
3908,235,52,"00:03:04",0
3911,235,40,"Overcast",3909
3912,235,47,"No",3909
3913,235,48,"Yes",3909
3914,235,49,"No",3909
3919,235,30,"00:00:36",3918
3924,235,51,"Perpendicular",3918
3927,18,55,"Flickering Light",3925
3929,20,55,"Bats",3928
3930,20,55,"Flickering Light",3928
3932,22,55,"Bats",3931
3934,24,55,"Bats",3933
3936,26,55,"Bats",3935
3938,28,55,"Bats",3937
3928,20,56,,0
3931,22,56,,0
3933,24,56,,0
3935,26,56,,0
3937,28,56,,0
3939,30,56,,0
3941,32,56,,0
3943,34,56,,0
3940,30,55,"Bats",3939
3942,32,55,"Bats",3941
3944,34,55,"Bats",3943
3946,36,55,"Bats",3945
3947,36,55,"Flickering Light",3945
3949,38,55,"Bats",3948
3950,44,56,,0
3952,46,56,,0
3945,36,56,,0
3948,38,56,,0
674,42,32,"Crouch Run",671
3951,44,55,"Bats",3950
3953,46,55,"Bats",3952
3955,50,55,"Bats",3954
861,54,49,"Yes",855
3954,50,56,,0
829,52,49,"Yes",823
893,56,49,"Yes",887
1869,114,32,"Creep Walk",1866
2246,136,51,"Perpendicular",2240
2076,126,51,"Perpendicular",2070
2691,162,45,"Two People",2686
3963,211,55,"Bag",3962
3964,211,55,"Squirrel",3962
3966,213,55,"Shadow through fence",3965
3968,216,55,"Rabbits",3967
3962,211,56,,0
3965,213,56,,0
3967,216,56,,0
3969,216,55,"Bats",3967
3970,216,55,"Camera switch from Colour to Monochrome",3967
3972,207,55,"Birds",3971
3974,208,55,"Birds",3973
3976,212,55,"Bag",3975
3971,207,56,,0
3973,208,56,,0
3975,212,56,,0
3977,214,55,"Shadow through fence",3530
3978,215,56,,0
3579,218,49,"Yes",3571
3981,209,55,"Birds",3980
3983,210,55,"Rabbits",3982
3530,214,56,,0
3979,215,55,"Rabbits",3978
3980,209,56,,0
3982,210,56,,0
3984,210,55,"Birds",3982
3988,220,55,"Rabbits",3596
3985,231,56,,0
3596,220,56,,0
4011,23,57,"Fence Attack",367
4013,27,57,"Fence Attack",431
4015,31,57,"Fence Attack",495
4017,35,57,"Fence Attack",559
4019,39,57,"Fence Attack",623
4012,25,57,"Fence Attack",399
4014,29,57,"Fence Attack",463
4016,33,57,"Fence Attack",527
4018,37,57,"Fence Attack",591
4020,41,57,"Fence Attack",655
4022,45,57,"Fence Attack",719
4024,49,57,"Fence Attack",783
4026,53,57,"Fence Attack",847
4021,43,57,"Fence Attack",687
4023,47,57,"Fence Attack",751
4025,51,57,"Fence Attack",815
4027,55,57,"Fence Attack",879
4029,59,57,"Fence Attack",943
4031,63,57,"Fence Attack",1009
4033,67,57,"Fence Attack",1077
4035,71,57,"Fence Attack",1145
4028,57,57,"Fence Attack",911
4030,61,57,"Fence Attack",976
4032,66,57,"Fence Attack",1060
4034,69,57,"Fence Attack",1111
4036,73,57,"Fence Attack",1177
4038,77,57,"Fence Attack",1241
4040,82,57,"Fence Attack",1321
4042,85,57,"Fence Attack",1373
4037,75,57,"Fence Attack",1209
4039,79,57,"Fence Attack",1273
4041,83,57,"Fence Attack",1339
4043,87,57,"Fence Attack",1407
4045,91,57,"Fence Attack",1475
4047,95,57,"Fence Attack",1543
4049,99,57,"Fence Attack",1611
4051,103,57,"Fence Attack",1679
4044,89,57,"Fence Attack",1441
4046,93,57,"Fence Attack",1509
4048,97,57,"Fence Attack",1577
4050,101,57,"Fence Attack",1645
4052,105,57,"Fence Attack",1713
4054,109,57,"Fence Attack",1781
4056,113,57,"Fence Attack",1849
4058,117,57,"Fence Attack",1917
4053,107,57,"Fence Attack",1747
4055,111,57,"Fence Attack",1815
4057,115,57,"Fence Attack",1883
4059,119,57,"Fence Attack",1951
4061,123,57,"Fence Attack",2019
4063,127,57,"Fence Attack",2087
4065,131,57,"Fence Attack",2155
4066,133,57,"Fence Attack",2189
4060,121,57,"Fence Attack",1985
4062,125,57,"Fence Attack",2053
4064,129,57,"Fence Attack",2121
4067,135,57,"Fence Attack",2223
4069,139,57,"Fence Attack",2291
4071,143,57,"Fence Attack",2360
4073,147,57,"Fence Attack",2428
4075,151,57,"Fence Attack",2496
4068,137,57,"Fence Attack",2257
4070,141,57,"Fence Attack",2325
4072,145,57,"Fence Attack",2394
4074,149,57,"Fence Attack",2462
4076,153,57,"Fence Attack",2530
4078,157,57,"Fence Attack",2597
4080,161,57,"Fence Attack",2669
4082,165,57,"Fence Attack",2741
4077,155,57,"Fence Attack",2563
4079,159,57,"Fence Attack",2631
4081,163,57,"Fence Attack",2703
4083,167,57,"Fence Attack",2775
4085,171,57,"Fence Attack",2843
4087,175,57,"Fence Attack",2911
4088,177,57,"Fence Attack",2945
4090,181,57,"Fence Attack",3013
4084,169,57,"Fence Attack",2809
4086,173,57,"Fence Attack",2877
4089,179,57,"Fence Attack",2979
4091,183,57,"Fence Attack",3047
4093,187,57,"Fence Attack",3115
4095,191,57,"Fence Attack",3183
4097,195,57,"Fence Attack",3251
4099,199,57,"Fence Attack",3319
4092,185,57,"Fence Attack",3081
4094,189,57,"Fence Attack",3149
4096,193,57,"Fence Attack",3217
4098,197,57,"Fence Attack",3285
4101,203,57,"Fence Attack",3387
4103,221,57,"Fence Attack",3616
4105,223,57,"Fence Attack",3652
4107,235,57,"Fence Attack",3918
4102,205,57,"Fence Attack",3421
4104,222,57,"Fence Attack",3634
4106,224,57,"Fence Attack",3670
4108,225,57,"Fence Attack",3688
4110,227,57,"Fence Attack",3724
4112,229,57,"Fence Attack",3760
4114,4,57,"Fence Attack",63
4116,8,57,"Fence Attack",127
4109,226,57,"Fence Attack",3706
4111,228,57,"Fence Attack",3742
4113,2,57,"Fence Attack",31
4115,6,57,"Fence Attack",95
4117,10,57,"Fence Attack",159
4119,14,57,"Fence Attack",223
4121,18,57,"Fence Attack",287
4123,22,57,"Fence Attack",351
4118,11,57,"Fence Attack",175
4120,16,57,"Fence Attack",255
4122,20,57,"Fence Attack",319
4124,24,57,"Fence Attack",383
4126,28,57,"Fence Attack",447
4128,32,57,"Fence Attack",511
4130,36,57,"Fence Attack",575
4132,40,57,"Fence Attack",639
4125,26,57,"Fence Attack",415
4127,30,57,"Fence Attack",479
4129,34,57,"Fence Attack",543
4131,38,57,"Fence Attack",607
4133,42,57,"Fence Attack",671
4135,46,57,"Fence Attack",735
4137,50,57,"Fence Attack",799
4139,54,57,"Fence Attack",863
4134,44,57,"Fence Attack",703
4136,48,57,"Fence Attack",767
4138,52,57,"Fence Attack",831
4140,56,57,"Fence Attack",895
4142,60,57,"Fence Attack",959
4144,64,57,"Fence Attack",1026
4146,68,57,"Fence Attack",1094
4148,72,57,"Fence Attack",1161
4141,58,57,"Fence Attack",927
4143,62,57,"Fence Attack",992
4145,65,57,"Fence Attack",1043
4147,70,57,"Fence Attack",1128
4149,74,57,"Fence Attack",1193
4151,78,57,"Fence Attack",1257
4153,81,57,"Fence Attack",1305
4155,86,57,"Fence Attack",1390
4150,76,57,"Fence Attack",1225
4152,80,57,"Fence Attack",1289
4154,84,57,"Fence Attack",1356
4156,88,57,"Fence Attack",1424
4158,92,57,"Fence Attack",1492
4160,96,57,"Fence Attack",1560
4162,100,57,"Fence Attack",1628
4164,104,57,"Fence Attack",1696
4157,90,57,"Fence Attack",1458
4159,94,57,"Fence Attack",1526
4161,98,57,"Fence Attack",1594
4163,102,57,"Fence Attack",1662
4165,106,57,"Fence Attack",1730
4167,110,57,"Fence Attack",1798
4169,114,57,"Fence Attack",1866
4171,118,57,"Fence Attack",1934
4166,108,57,"Fence Attack",1764
4168,112,57,"Fence Attack",1832
4170,116,57,"Fence Attack",1900
4172,120,57,"Fence Attack",1968
4174,124,57,"Fence Attack",2036
4176,128,57,"Fence Attack",2104
4178,132,57,"Fence Attack",2172
4180,136,57,"Fence Attack",2240
4173,122,57,"Fence Attack",2002
4175,126,57,"Fence Attack",2070
4177,130,57,"Fence Attack",2138
4179,134,57,"Fence Attack",2206
4181,138,57,"Fence Attack",2274
4183,142,57,"Fence Attack",2342
4185,146,57,"Fence Attack",2411
4187,150,57,"Fence Attack",2479
4182,140,57,"Fence Attack",2308
4184,144,57,"Fence Attack",2377
4186,148,57,"Fence Attack",2445
4188,152,57,"Fence Attack",2513
4190,156,57,"Fence Attack",2580
4192,160,57,"Fence Attack",2648
4194,164,57,"Fence Attack",2724
4196,168,57,"Fence Attack",2792
4189,154,57,"Fence Attack",2547
4191,158,57,"Fence Attack",2614
4193,162,57,"Fence Attack",2686
4195,166,57,"Fence Attack",2758
4197,170,57,"Fence Attack",2826
4199,174,57,"Fence Attack",2894
4201,178,57,"Fence Attack",2962
4203,182,57,"Fence Attack",3030
4198,172,57,"Fence Attack",2860
4200,176,57,"Fence Attack",2928
4202,180,57,"Fence Attack",2996
4204,184,57,"Fence Attack",3064
4206,188,57,"Fence Attack",3132
4208,192,57,"Fence Attack",3200
4210,196,57,"Fence Attack",3268
4212,200,57,"Fence Attack",3336
4205,186,57,"Fence Attack",3098
4207,190,57,"Fence Attack",3166
4209,194,57,"Fence Attack",3234
4211,198,57,"Fence Attack",3302
4213,202,57,"Fence Attack",3370
4215,206,57,"Fence Attack",3438
291,18,44,"00:00:47",287
723,45,44,"00:00:49",719
4214,204,57,"Fence Attack",3404
739,46,44,"00:00:51",735
947,59,44,"00:00:54",943
964,60,44,"00:00:54",959
980,61,44,"00:00:36",976
996,62,44,"00:00:36",992
1047,65,44,"00:00:52",1043
1064,66,44,"00:00:52",1060
1115,69,44,"00:00:59",1111
1132,70,44,"00:00:59",1128
1181,73,44,"00:00:51",1177
1197,74,44,"00:00:51",1193
1213,75,44,"00:00:52",1209
1229,76,44,"00:00:52",1225
1277,79,44,"00:00:45",1273
1293,80,44,"00:00:46",1289
1309,81,44,"00:00:44",1305
1325,82,44,"00:00:46",1321
1394,86,44,"00:00:59",1390
1411,87,44,"00:00:49",1407
1428,88,44,"00:00:48",1424
1445,89,44,"00:00:49",1441
1462,90,44,"00:00:49",1458
1513,93,44,"00:00:52",1509
1530,94,44,"00:00:53",1526
1615,99,44,"00:00:45",1611
1632,100,44,"00:00:46",1628
1683,103,44,"00:00:52",1679
1700,104,44,"00:00:56",1696
1717,105,44,"00:00:49",1713
1734,106,44,"00:00:49",1730
1751,107,44,"00:00:19",1747
1768,108,44,"00:00:20",1764
1785,109,44,"00:00:55",1781
1802,110,44,"00:00:55",1798
1955,119,44,"00:00:57",1951
1972,120,44,"00:00:58",1968
2057,125,44,"00:00:49",2053
2074,126,44,"00:00:49",2070
2091,127,44,"00:00:59",2087
2176,132,44,"00:00:48",2172
2261,137,44,"00:00:59",2257
2278,138,44,"00:00:56",2274
2329,141,44,"00:00:27",2325
2346,142,44,"00:00:26",2342
2466,149,44,"00:00:57",2462
2483,150,44,"00:00:57",2479
2601,157,44,"00:00:43",2597
2618,158,44,"00:00:43",2614
2673,161,44,"00:00:52",2669
2690,162,44,"00:00:54",2686
2881,173,44,"00:00:52",2877
2898,174,44,"00:00:52",2894
2915,175,44,"00:00:32",2911
2932,176,44,"00:00:29",2928
3085,185,44,"00:00:57",3081
3102,186,44,"00:00:56",3098
3357,201,44,"00:00:58",3353
3374,202,44,"00:00:59",3370
3425,205,44,"00:00:38",3421
3442,206,44,"00:00:39",3438
3656,223,44,"00:00:54",3652
3674,224,44,"00:00:59",3670
3692,225,44,"00:00:56",3688
3728,227,44,"00:00:57",3724
3764,229,44,"00:00:22",3760
3922,235,44,"00:00:54",3918
2159,131,44,"00:00:48",2155
3986,231,55,"Insect on camera",3985
3785,231,47,"Yes",3779
